AdvertiserID,Revenue
ADVTMVKKUKWIYBASFZKOWIECNPXHMKPVWIRE,153516
ADVTHMGLINBDZDIPTNFZHQWJNCCXABCAOAYY,534506
ADVTYTRRBNGVYGDNUVMWRKMHOSOJFFNVHCFX,114342
ADVTXIEGBHILOLDHBGIKWYIPDYZYXLIHKDBR,809587
ADVTZHAQKYKJSXJLWTUUPPATLXEPAENBAXQZ,256528
ADVTKKFMDOAQROEXCDUYACKRAHQGOGBJKNMO,806530
ADVTNYMTSMNZJQIXIBIGSRCYKDSGKKCXFUKT,76504
ADVTLJFGUMSJTAHYVQCXQVGJYSDWQHCYRFMS,946617
ADVTIWTNMWMIRBYZZVUFYJQJDWMZGCXRYOJW,310629
ADVTWRYZVDRPMZBKSKJSAEHDVXJJDUGWGOGS,769114
ADVTVHITJCDKIPANRNPKYGLYXHQVTHWDXIAQ,191432
ADVTQIZFJHJWFACJLLPHOTWPVHLIQMZBHZVQ,973139
ADVTIKUVYAJVRHQVZXHUJDRDEEWQZUOMHLMC,19011
ADVTMPVAEDURVDYJBFSDXNLWCJVFIDXPSZAH,365969
ADVTOHBEPQGGGKFVKHZWHKJDAMMQYUJMLNJU,240928
ADVTWPTZCIEIFIMGXQGOXICWECOUIASRPGRW,152241
ADVTCDAMJVOTFZHAGYDYKZOIIFRQJHSYVYAL,405001
ADVTSESTQLOAISOTGIVEPGIVDTXAGRKHRNVE,906896
ADVTOPUIOGRETFLNGEMZEOLHVPVFSZCQMOPH,620361
ADVTWEKMKDZDBQVKQMTFQVMZSPEGHFCSOSRH,432034
ADVTNPIESQLYFGNADFRJKITKUAMNJKWBOFEP,630072
ADVTFLKBNDOQKMPIFFLXLSJKGXFDIXQKEUZG,895945
ADVTKYBMQYWEXFBUCRQVPYPWGITHQASKDSLB,339593
ADVTFOXHLZVEFMIBHIAMLUPQAGXYKMXHSDMK,982778
ADVTQZSYNRSBWFUJLNIDICQDMSYBBVWEAHRT,70332
ADVTZUGYMISYGNTKZTSICWGMXDSDPSTIQERH,207922
ADVTSIXVEHPSQEPRJDOMBXYRETWLUNDBEVJP,990891
ADVTFAHCFIQGLZQYBQZULRKIBAZTUDLTMRAV,442694
ADVTNOJVSCBQHMGVRQVDWZROPZYBQQNQSQLK,455717
ADVTRRULBUXPBDGVFJYSFWEOKQEITEWUNPVQ,621595
ADVTADHQEKBWEWTUXYVHCLNSEGGSTZFKMLWO,119184
ADVTEPQPFZAKFVHIDWDQDCAVAHIESVTNIXKH,724531
ADVTNUJMNQLDSQTVJBLEUVHBUGGRMACEZVTK,420676
ADVTKJUFPSZCPZHBDWRVIBMVKEIAKERPRAYM,304744
ADVTBXYXKPOWQJGRQDYBJCJCEXJDRDPCYQNK,70270
ADVTKHOXFQQIPFOELQBDZWTQFXGYLBMSJNHB,967226
ADVTUGNCNSNMNOZCKMOVDNDPQIUUYAVIXSEB,278813
ADVTEUYJGFVMOZVMHGIXBFEAEVPYIJIPTALM,800547
ADVTJTKIFTQSEPDCSWKNXJFJCPEEENOHMRZV,603526
ADVTHQQVSERDJOUILFQXOWUIZPJGJMFYHBRK,196487
ADVTAHGZMLFHYWAIITDCNXDUFBHFJLFCSJFA,537878
ADVTBMUDDYQXMGBDEWUWDZDANNWHOPKWVGGE,205095
ADVTOAJRUFRBYYPDQGXNXYGUBQHAJZFYDHJC,421590
ADVTOBOSYYUQJWGAJOUXAEWXTHRYKJGYJQRM,179139
ADVTJGAPLPALUJOPIJNMIUFJTDFZGRTUOSRG,30662
ADVTQMRVNPBKKIVDKFDIGKWRYCVBYNDLLPOT,431098
ADVTCXYQVACRHCITMLMITUBRFCMCZERIEOBN,442499
ADVTEHCDGTKDQMQOSMNOGLKPZVKNLGIDXXFN,730545
ADVTONWVOBOBDBUUOJETMOCQUCREMNYHKKUC,623062
ADVTKRVIUHPSORKFNRAMVAPXQSYHKQXZVIHI,467099
ADVTUDFLBYWXTWAJCUNLWNUACPEETRXVCTIY,719167
ADVTNSFWODPMMDOPCRLVNTZLKWBRGCNSTSPQ,393416
ADVTGDSDZBHAYKIAJRWZKQNFHFBBJLNNQHVF,397460
ADVTKQUMNNIXBTYCSUSORTPPJWMWABTPXPRU,986910
ADVTAKIINUKOFMCSQKRBWOOMJGVWYULYLNNS,929358
ADVTQDLSCEMKVOOXGYOFYETASEMJEOXJQAME,980049
ADVTLAOEBXELEJTYBJZYJVUTQZOCDHZNSRWQ,499604
ADVTGZCDCXZOBRMGNLNZOSPAUFVRAUHUAQAY,576863
ADVTIQYDAXFNACNLVGDYDRDQLVRICGGTKROU,270835
ADVTTKIBOEZBKQIJEZYZYIOBIUKGAFQSSWQT,936388
ADVTBUWXXLQESIITWVVZZEYRCWGNMXGCQJAT,125216
ADVTMMUVXCCRXPJAYGDFGWEOPGXYMDNBVCWT,965312
ADVTEUOWTSRKSWSCKWXCZOJHUDMCWBGXQGAH,969077
ADVTKZAPGPXZMXHTDEHXGOXPRWAERAGSUZFP,680849
ADVTLYPZCDCBWBSGTBYQMXKTGSZISCMEEBDE,912472
ADVTAILZSLXAPFIJGHXTCNGQAUTGFDNSWPDT,246057
ADVTOGXCEPYCYXLAESDOPVFZDGPNNMXHHATS,667589
ADVTGCXDOIICXGIHWIGXPZPWNNLRAFGAGQPF,301273
ADVTZNYLRMLSFAYATZHBPDKFYDVKRQEWCDLK,628307
ADVTAPSCONZHINONWHHHJEFEWDBHJWYSYHMO,243561
ADVTTKGUHVRILEFRBSXJYIOXXXWMKTOFTDQA,971886
ADVTKGGYCTJOUKYJEQOHNBOVCADEEKTBJKZN,822073
ADVTBTPOVFHLKRBONDPRXECFTYRPQLKTSDUG,773944
ADVTUYGASXJOISENHGPBYVCKBYHBZVEARFBG,860413
ADVTBSFCJMDFFLRTBIHWOAHAAHCJLUPMFUXO,6328
ADVTANWPDRKTCMKBSDUUACUWXCYMHALBNQEQ,988772
ADVTDZGCOGVUFNNRAPNZBERTUSDNCAKQIUKU,617552
ADVTNLSBMPIUFXBAWLIAUFRTLOWHEQDEVMSO,767212
ADVTMLVROFJWXKNUXZZUFIEVRCSIAWIXEMBT,539417
ADVTUOYNCIHDTZLKHHTXXJJYKVJZANUUALWL,488508
ADVTLQFKNIMQZIXAMHPWGYFPBIKSQXBLJMIT,158188
ADVTRYLKKQTRAFWRMHXZHZWQKKTMCSXZRMUO,783096
ADVTBCIWZFNWPZSHHXKQUKZSPRVZOZJLCHKX,757270
ADVTMVEYFAZUYBWGJFAPEGHTUGGYRNXXIXMQ,789889
ADVTGEBZEJXDXKNSVMHTBEZXNEVQKIMICWLU,563925
ADVTXODEPKVSTKUCSVHZQDWHWDGMYMCLWGKT,838150
ADVTYRCKOUHBKCAFUNSRPUTVNWEHMHKUACNZ,807302
ADVTGKYNVWSTJENFSHPGIYOGTRDLIXMAYEKJ,367578
ADVTVLEWMURXSOGGUSWLZIKVYKEALIUENRXI,835043
ADVTEHVVYLXZGYPCIBNGGLQXBOGBITIBTERJ,25449
ADVTAQKHUEDUKCGBWALFLNZDGMFCGGAORLRD,493741
ADVTDDMPVTEDUHDMVZDSMGHFHNQLBMGTPMAY,195862
ADVTPGQKREGUCWNTYLJKTZZVLEWEAFFRZILE,967287
ADVTBKOVLGMAFVZBDXCLVHEGEYVGBDUOGZJL,1805
ADVTPEJJHEJUXJCWZWACSNMGYNHKHGXXRHCR,793601
ADVTKJFXVPGWNESQHTCZCRBZIFKGEODLLMJX,79158
ADVTMLVJJVLQXOISFGEEIMATFOKOAOQHGGCA,581844
ADVTNWYEJHWBZTOROIQGPOYTZEEAOFBIGLTD,743710
ADVTWZSKWGQHYYUHZCLCNFCQGBKUYNYBFJGM,52261
ADVTQPAUJNZZUNROGFHLUAXZOGUMRREVNKFF,672320
ADVTSULMHFCRQSSIMMXDQFKSVNPJVXHMERVG,959630
ADVTHEZSZRGRDCAIHRDCQMYQWBCSVQNGFTOD,427369
ADVTGBKIBGMGBAYUCVRIUFHLIIQVWEJLIAEF,813523
ADVTXBMRAUCNFBYUVBDVYQLVXIESFHJMDXNE,107840
ADVTDZOCPLBRXPBDTYYMQCZIEVXYVVMXQFTE,166536
ADVTUWLITNOZNBQNBKUJFNVUFJDQKJUNMTTL,565562
ADVTZWAHYDWOUYPBJIHEFIJISLXHMKWHMLSU,759912
ADVTYLAXKYAFKYDMFBLIOSHIDYKJGUFTVNCK,660830
ADVTZRNTQGGXGDFPRNPIUSULGSMOWIUNRIZG,868981
ADVTZKXYGSYWSOUNDXRPOTRMBWOBBHJQTFYN,541171
ADVTEIAAVJUJASDBZYVBCJBACKQQEQZKCOGC,187563
ADVTMKXEBQQXXIZPIYPBZFRYTIMWTGOGVOUA,135177
ADVTPJKLSLBVVLYABZUMLZNTEKWSFKFWNRET,698139
ADVTTHTJYIYXXGUCHCLXGQXEEWZROUBRMNIF,220210
ADVTLBHIZXHLOVBYGVKWOCHLUTBIPNLTIKEA,910758
ADVTFIBWQZKFYTEGFCNGPUHTDUSUXURTAJTX,929977
ADVTGKVGEAOYOGLNVQXBOFSAFJBIJTOLPOCG,517610
ADVTBNQBPSGGWCIKPSLGJUBICGFUOXOLONFC,266820
ADVTQDLOEGBIXWCXEMKAANZNAMNJGGVYHTUQ,508224
ADVTQITXIARVAQMTIJJMNNJMWEHUHWBRUBXT,521441
ADVTBLPHDFMZUWMOZAVJXDQMKODCJFRVKCBR,402488
ADVTSOZGELILDCMNOWYUYBWXNVMJYGLAJDAK,435760
ADVTTATWLVPCQEKCVXHTDOPIZMJHOABJEFJN,846299
ADVTGRHCNFWOPRNSWOGPDWJHYJEODTIMRGOP,203794
ADVTSIDIPOKQVITBFVDRSAAJLFNRMNAGPFAK,543895
ADVTMPJJAKNPWCPFVGWHONUQWLNEBCUNWLTC,288596
ADVTHIIEGMCPOSNHBQLVRSQVNKDMSRMDNVBI,530511
ADVTFHBJMYISNIOHMWEGLAYUEXTNXVLLVKEQ,363782
ADVTCYUCUJEYDIITESXJOMURTIAJZDLRUJIR,803413
ADVTYIJKEMEEGLTDWICKYVQIMLRQTTHWAAQA,528237
ADVTVLHFYPWGRRZUOPKIAWIPDKSVDVTVSBUI,642638
ADVTGFETHNHXWKSRYDPHEZICZPRKDFUFAIBH,377084
ADVTNSVLFGOKSOWGYRTBGOIYVLRLDEQJLQSM,445043
ADVTFACZUYWLIFLDALMXPXQGLBQKKNVTYWFE,796433
ADVTKOKINMIOIJSKLSGHGWQSRJSTSOTIWWGQ,144382
ADVTIISCYLNQLHYNIJIVIZGNXNMKKSYHLVRZ,163265
ADVTLXWZFTXANSPBGZFGZDWROLICVFYAFACO,25464
ADVTTFBYJKFEQQGATWROXDKZMIVXDZAZBAJN,830038
ADVTUJYAUZHCWZZBJOEDPVIXKERIVBTMKLAY,145988
ADVTBVDHSVMJHUUUIIJWMIIDCLHWHFWZHSYU,522161
ADVTTHFOKYKWMCQGQDCOZGEQCOEBYHVXPYYM,834943
ADVTBRNVTLOHILMSKYKNCIDTUGHNWTCUNLMB,825897
ADVTXSLGQJQNBNESFZFJRXRNJHJMFEDYYMYC,905877
ADVTTQLNAZXNGFCZPLXRUNGWBPRUFHDJPARN,361227
ADVTEGXTLIUJSVGYPNRNCNNIGUPYJFZIVKYZ,270519
ADVTPAYNNROGHXCPISTGTKCPJHDYZMPRAJLP,702846
ADVTRUVEFNARPCEAXYNWFBLTQZTSHAKWOPKI,395439
ADVTUTVJJKRIOCKSHBAEAMIQIWDTWBEUYRQS,23339
ADVTHARSELZWXDLWDFODNSAEATBAFOKFRHAQ,729981
ADVTHEZTHCKXEXHDUSTRYEIYIMRNRXPNRGVH,952247
ADVTVKPETYCSEXZJQYUUGYWGCOEJBQTDVTWE,974122
ADVTPCMZCMGJWOUQSICNEIZXKZZSNUWHYYRJ,990081
ADVTRNUXIZMTHRXWERNPJOYAORSOOMHAOUPP,514696
ADVTPCLGXKBCBAOILRZMEHFRQLJTTGVEXWIX,183110
ADVTBCRPFCFEYRPOUQMBDAKMEINLKJAKUBLE,388611
ADVTCKMYDADCRMTJIVZHNHAMWLKHKSAVWOXV,64898
ADVTJYRCKIRSCAMFXTALYQXGNGCKLLNDTYYJ,689851
ADVTXZNBHNCUWNQBXNWWGJOIIDIPSPNJFWOL,684805
ADVTYRCHSFTGRQLCMJRSTIFWQGBITDCHKOPP,661445
ADVTYOCHZYPUEHTWMRRMQUDFUDTSSREVRGXB,690441
ADVTXGNWHIGZWMVEBZMBZTMPCBUOMTUJGYXG,337375
ADVTRIXZEDGAQOIBCJELHOMBRCYEOCEHNBXW,21132
ADVTHXAFUOSRVTAJXWKURRPOOFKZRCHCSYBC,829933
ADVTDYYWRUUDMOZTCNPQFSIXIYZXACSXTECF,150890
ADVTCFACXXWGXPULRCTVVVLUZMDVDXSDRUVN,932265
ADVTPQONBHFWJOGZOCBOPRVMPOBFEHAWGPVB,555401
ADVTBXRTYDUGRCANMUHNEGFQHBOOPGFEERMF,412608
ADVTFBPEEMIEFVXTODAOVKHVOYSPKEBDSJGF,290046
ADVTJYHGTAKPFJUNHBNASMKHECBXWXINGRCQ,641223
ADVTOQKOUBOKTNIXGRGOVCAYVIMLJHJPIAGJ,968367
ADVTHNZRKKVKLUGSKSOVZUDWVLZHHGGLSLXE,83184
ADVTMRXMZTMQOXXMUWHQFOLFOIOLKENSPUVO,729328
ADVTIQHMJXLTEGJVQPJMGPAPXTNFTWOSXKUV,396152
ADVTPNKIBAUKPKUSDEBCKCVOLTRBKZHGHRZS,360247
ADVTTKVDPAHIURGAWKMUZLHQTCUEBDWKFLHM,590459
ADVTCFXWLOUHNXQAGUYILTDQWCXHBVXWQJKW,134327
ADVTIRZWKOAOYBNCVDPJYJTKSPTFOFUANTWA,332737
ADVTWBNADAYGOMJZQFXHSECXPVKUGAUHXFOA,607982
ADVTZONDECODQJESKBOYPECNLYRLPMVKKHHF,629192
ADVTHDBBOQYAPBIFUHXZBEWSVSFZXOIFYVMB,459860
ADVTFOMZZZWNOOOMCFCGHIEKHYAXNTPMJUKN,934056
ADVTHTHKULFGKYTPISHTCPADQCTGTFCCGBFP,337621
ADVTJDDKFUGCQKGIXNGYJQHPUVRJGSQYDEEI,437932
ADVTSNIEAWHGSALRWXBHFRDUEQEGWUMNZBNG,77909
ADVTZSQDDGJSLTJPDIQNKLJKJXSSBAKZUCOW,107350
ADVTHGOIEVZRHTAJWUJQWNITABVNRWFNEJWK,380197
ADVTBMTQOXTRZLZQUZKBHJRTPLYPBOJMSSJU,143194
ADVTKAVZHBRKNLEDBQAMOKNGXIDNQNVYDRBT,122745
ADVTCCOACMHKLPRIWRUVTIWTHCHXDVLQKMKB,753630
ADVTKUESZZAWHBBWZERJAJZXHGSFQJKXNFSL,329845
ADVTEGWDZDFQFXSNZDPRHVCWUVJRJFMXGNXU,890257
ADVTZXTHGFTPHZMGKSTLKMOTGPYDRCKWEHSU,90365
ADVTYMHKVAZTARUASDVMDVAIZQDGKNSKWTZU,192
ADVTHJSRZOLKAEVMPFLBEUSIBREITGMAZZMX,42970
ADVTTWMDNAETZIKFNLRITLSOGXNLTMXWXXVY,564688
ADVTHQFFJDALEEBDRERNUARUUCUQRCPDOADO,220371
ADVTSVRHDRHFGSRVFOJLDQVFKBBPOCOEDUOX,241326
ADVTDYECETMUQTIDGTIHUWOPPKQVTKECSSAU,817652
ADVTXJHDCCUYJUSKTHOLWHLLOCGESLHNWFWR,430440
ADVTDWUWWQSGHNZSPUAGUSASKHOVAQCRLCNF,566441
ADVTIUGKXZOTRNAZFMGRUZRDVOXXPWDJJTOE,364502
ADVTVKFGNOVHEJCFMQQGFXUCXSWNGEMYTWMP,980332
ADVTEEJKIQNZDUVVMUXCPHZSVIIYTAVVZKAU,641981
ADVTCRYRIGASRPYVMVZVMGYXTXECWKMOADSN,84098
ADVTCVDBJDBVWKREVQYSJRRZUWYSCKTLFTMH,584100
ADVTIDXUFEVYUPPDKLFMHHWKYVSSRGNCHZZR,836510
ADVTWEGMJYUZAHDJHSLBCGCPIPTSLQOZKGOY,101884
ADVTCLGEMEHDZADJLVMGZQIBIDENTBHCSWMZ,13347
ADVTRAUBJYILJTOGSVHVOSSCXLPRRYNBHFZG,74990
ADVTAIEDGBZUESGBMJJQRBZRTNSGMZOKMYDM,85725
ADVTKLVKENQCADZJHXBWHCLFYDAYGTDSFFUO,75493
ADVTGKBPBVZSOZCQDMGPYBPZFHEJWHUMPJOI,243494
ADVTKNMCXFNYSGEISMFXAZTZECKTOGUWWKPE,762083
ADVTHJMNVYDSHZWCEHWLIXEZVARLXMINEODL,303646
ADVTFKUOFSFFPNGQXFBCWGOUIBNZTMCUEBPL,574872
ADVTOGETURGKZWTGOLVUWUHAAKFAVCTDMYFR,523574
ADVTOUELOVUFGPMGPSKIBVTFUYSHSUXWANMK,96085
ADVTRKRSKHGRFGWESXZRIUCZUTBLWKHOFRUU,223948
ADVTICUNZLYLUBXDEOLFPCYJUOEBAHJRFOEB,719481
ADVTSIPVSRHLSGTFWSTWUOAGRRWRXQKNSGSP,626580
ADVTHONTWZXOPUWBRFDLQZKBXFGMCGMJRFAJ,144402
ADVTVVNQGHDXDQQHLTJWRFANZOAKFJKFKILU,592702
ADVTUAZBKBHNFNXEBAEXUBIDYZUNGXKEBYLI,471791
ADVTLKMNVMBDIRCEHOREIOAJXWIHCWYMMAZE,373892
ADVTUDOBFZUQMJDWGYFNOSDVLGFUDZHVUJNW,743615
ADVTVGUWKNPVWPOUESHZHJHBINCPUEIXZXQR,963866
ADVTVOZIGEJWJSHQWOMUNTBFTBQFHKKRKBCI,382182
ADVTSNNHHSOBBRQHHBDJKHCBRDFQPWOPRUJI,946345
ADVTSRJJOLDNURLZHSFWPRHYIFIPCZQHCJPN,940467
ADVTTFPSGRIVOLWJBZEVOHEDVTKYYWWKANLJ,726248
ADVTUVHNEASAYCWQQNWVLSSPDZIAXSIPGODB,924795
ADVTVKLDEEKJBALAVNBSWKWYSQFGJCMUJYRI,500456
ADVTTDFMKRPANPRPIKZZZQQYKPNRRQOGGISN,467239
ADVTNUEELGKJXCKYIRTTSZBQQIHHDCPTMACI,192441
ADVTGXTSOGFBYODVQPLJNSFSJCWIIGAKBVCU,686982
ADVTDGFWDOEJWWZRCOQTZJDNHAWKIQYZYHBU,126255
ADVTLYFKWYMPUKERNOCUXXOEPNMBZPDLSHBS,606353
ADVTEEHQPBHCUJLFAUEIJCESLIZXFCPSXCQM,981452
ADVTUJZOPAVTYLHTRCYQEHDDJFTYKQZXIFWY,978395
ADVTHNUHKLEYINUMCNVLQJHXLUAPWJHIJBFI,329373
ADVTPERDLHIQNVNDTPAUGSTIQFRERGBRDQNP,107657
ADVTWAJTHQXIKVCJXENCSSTEJFGFJGFJWYVL,5481
ADVTVQACQNGZKKBPJSGDXGLZLZFMIHAHVHJQ,180818
ADVTQHOKEZZKVBPTWVAVVCVLFPKCLTCNIDFU,248750
ADVTLJEDSYMGQYMNWLHPNHBBDLWSRVAVVXCS,344417
ADVTGPVAVYPZPWBQTMRDSHXZWAUYDQMOIRZI,607889
ADVTZLEDDTCPNLFBZJGSQDHHTQRMIZIIRXTF,615591
ADVTCDFWUJMERUPUAQWYKLKBLQYEOJRGJUCT,384904
ADVTPIRTFCTBGCRQVBHEUNXXRYWPGQHNDDDB,136099
ADVTFIDJTTVYKJYTDAUVSCKAXLVARSWGWMTJ,420893
ADVTRDFMAOLFNSTRWXCMHVRYCIRWPGDUDJWT,158820
ADVTIWBCDQFRFXOTNPFCZWGOPWKKUZUNXCPT,36906
ADVTCKSLMZHPWRCEIKILGTHKLIBSZYBIZQZA,300873
ADVTRFKGETPJNZVSLRLVHAUIRXEEMENHRRBO,385954
ADVTKEUYYXRPAETFSDGCPZXJYWGYKCBNDAKO,734106
ADVTPRYCZGJESSMJRLUIQIBWODHTAGLGZGMQ,440919
ADVTHQXGSPOYROZLBJOXJJKIKYZKORHLSOPR,304331
ADVTQYPXMJAFNSCAJFGJZSECLQGVHULLOIUP,490455
ADVTANISDDPNIWQQHSBMELNHSQCGBBQIFAKU,76858
ADVTJLYFFVTBNLHCMLLKBIMVNEECZRBOWGMS,558214
ADVTWEPARSMRQMAGLGCHGYUULRNXCCLIELRJ,879906
ADVTRAFZQBESSGBYXHAAWGIXKORKZGQSALLV,139537
ADVTLJVMNCELEGIZITIYTMWPYPYBJPUITMMH,569211
ADVTMNPHZYKDEQLPMGTABSNYCUBBPCGGTVYC,213454
ADVTLTRQWIWFCIOHOMVYNTHNEKHUCYDGUPAE,322165
ADVTTCOEYWLFWVOCGEYNYQYVTLKABSKXEHFJ,935792
ADVTXZPVTMFYHPQIWCPUNWSYPKLMYELRYHCL,255779
ADVTRLFRXRCSSQCSHAXOYETAJQMZMIYJGLHU,25353
ADVTZCQAGPQARBMEBQDIZUQMMSDMHRJBXSIB,432637
ADVTMSLQVZKNNHIHKLNJUWNACOQUALPVYPQO,168733
ADVTLSSVSUQOCOSMWHPVDZWPVYQMWWMNTSBH,899177
ADVTVZEIZEZRFOTHSTKDNVDNGVUJFFKBWNJI,340672
ADVTJBLZZRMJWOSWACYOVUNXVCWKDSEFTCYS,661386
ADVTSKUPOOPEOWNJNPLLGBXTJITPUOMMHGDH,640864
ADVTZISTOIZEVWGQNYMLUCGKNHUMQVICZSEB,946801
ADVTWRQUKFGIPZJKQVELBVELIWSRMKAFSENX,343063
ADVTXEYPDJOBGUHIAVUXEJRVVKCYXHRQPGTV,155933
ADVTGUXYFWVATSFLMOBYXDLARLCBWUFYOIHO,976590
ADVTGMKLIJVAWKAERBRUJBAPSJOKHHWWHZKH,134119
ADVTZBUBTKNFYOUYODMKMTHKDMTRUXBDVVGX,519478
ADVTBHHTYXCYZODZFLGFFWYWFUTMMQNRYBKO,784502
ADVTRHBUYMUVDIZMUWIQOGSNJOHMYLDKRACP,882201
ADVTMMVNEVJIZACZDXOZOERRTCSVLPGBUBYN,21619
ADVTOVEMVOGBPLOYYPYJOXHVXYGRVRVDHJSJ,92624
ADVTBBNSGJSJLKNWJIAVHWLCGKEQCKRJAUAK,336155
ADVTJIOOPVEXSASIHMBIUXJOJEVBYJJNGYWA,414645
ADVTDZZAPFQOQYCXEKNYJFIHNBKDBCNMXNWH,139747
ADVTUMQDCMQTKQRTPNOVTWZBVUCNTHFLYAFZ,123964
ADVTWBHKDDDXFHJMLZFZPOYSTFOPPEQIRZAC,303961
ADVTVXBIIITFLJLCRZUQSHCCCPYMTBYHCNOT,970466
ADVTEIYEIFMAQTEFRWOHNLHBZGTRZHKFOISK,47740
ADVTIHSSBKWAQFTJNECUJFCHBYTOSLVXGFPD,422642
ADVTJVVVJNYPPAZLDSIOFABTTGLIGSXJWKHG,445852
ADVTOJHZYNXEKNVJEQXNCHIAKVCJAFLGBNOX,115391
ADVTRBXOWNNUAJJVNTQAXFAOFYJFZURVRIZK,527257
ADVTDKWMEUKBVVVLCITLLUPRSIWPJUNETBLS,716443
ADVTRNTIAILUEWMUQBWEJZNSTJMNFIIQJTEP,527499
ADVTLERNNNCYYOWNVKQJJDBBBVTEUSTMMSJC,181540
ADVTWVFZOWCDXJHEOLZGRYSRNVKFHBLVQQXI,195545
ADVTOBKPGRZMSIHEIBTWHEUCBCHPYNEADAHQ,413945
ADVTSMQKCASTFWLRLNJVPMKSCTMPAGJUMFCP,148974
ADVTABNBULPSGPZZFBOQMJTWHUUAYPNXRXDI,85305
ADVTHMBWJSENYQKLHBNXLYJOUBPEMIFEYTRV,362692
ADVTITHSVJKJRMPDGXMRXPIKQDPHRUMIPTBM,551437
ADVTVNNKLNRLSRTEBDURYJTWXBXQVRKNXECO,420281
ADVTYYJDWXKHTACMIEAEJHQZSHCHKOKAOMFQ,364511
ADVTXATBQXHGHPYQTOUBJMMJILWBZNTGRAKN,577435
ADVTENXTVUGBBCGICBXTPEZHXLQXSZVUBHQM,194003
ADVTZMKUCAKQZTDJQVGEWFEYBAQLKWQZDUBN,927853
ADVTOVJDDFYPROWRDYRDNQHBMGOXNKOUFUCL,954606
ADVTVXPRUXLIILIHJZVMGLMRBXECBATTFLZZ,304449
ADVTVWIXQWSCAMTFBAWWAJDDBLQFRZWMSVLM,280314
ADVTRLHXSXQZIHENVTSFAWHNVVEYTJLMPEME,271140
ADVTFPQDSNFNSINZSVDLQTRQADTRXFOSERJL,285384
ADVTEJSKNTXZMIQZMZMUKWXVTEESHCSBWZHB,798105
ADVTZROBOLZCMQTGTRVGUTYIKQJPUMILLXOO,764862
ADVTMYEWCBVWWQYSIKYGODYTFQGIEUYNEJGJ,954637
ADVTHVBOOCWTOXSUMKIQQXVMBAZAEMSMBQVI,417251
ADVTHKZKFBZVJICSZHGDRFEQZVYVYHKQTCYA,446279
ADVTTJPYLAUDFMVCZMHFQNGQPGWYLTUTBDOI,94988
ADVTEMTLIYKUIQCCEHMLBSTUMHBQXBGXGXEV,741604
ADVTMLWEQHPIMTPLPRQOFMCRCGRKQOJGNTMC,657132
ADVTDDFZQPADUSZRHOWBBJAFYXGYJOSTLTMR,702757
ADVTUVESDMINKQOWKYOXFJATDOEFTOGGTAFG,220140
ADVTASDWIBGRXYFYMVVEWDTNNICKOTWMTJXL,568756
ADVTWKJYRENSWNWWGASKUUGTORLAFEAWIMVK,312333
ADVTNEFJEUUGDTVNRYQRQFCENLLLOKSOLHSP,284816
ADVTEQOZJTAYXUEYKWDZBEAXAKWHYSSZJYTZ,130097
ADVTZFIEFZMYZLZWOHGGNSBTQEZBCJXUWIZR,360596
ADVTAHZNONRGVVZKAKGDVIWQSOMZWQJDFWJG,124983
ADVTURKJOCRYIHLYKIQRCBSZJCNDZOJVICTH,704677
ADVTVQKRYGYPEEJJUPQFYAZZNDLXTLOVWOXD,553564
ADVTOSTGFTYWWNYUGZITNMQOJVXKGXREJKXA,101978
ADVTCYSVDIKKTSRTFHXHOABAMURBMNQFQVHU,802583
ADVTXKASVSVLGIFWJZLTPJXHIEMQSYREMDXB,689639
ADVTJDHYZMTEQHXCCYAECGHAGDJSZOFQSGAX,16857
ADVTIHZFCJJDAHSVCCGVZUDLPIOQQXPOEACW,799335
ADVTVISESMXDDEAYHSDABEWNIMHABYRCKVZN,86955
ADVTGTYWWVWOYXPEVIOJBQFYFCHTFVTZCKRK,785892
ADVTUGRNJUZOCCJCWZCMPKNHHDTCYBPQCDHP,915029
ADVTOFVCDEAZATVBQEOSQPEKYHDZYMAFMGHQ,3986
ADVTEOMYGBSYOGUDEGOBYNOGBRIQPAGIBEYT,947382
ADVTGRQSKQFHCRSZKAQHKEPVHDCTKANXXKPQ,151688
ADVTSUXUBEZGAIEXWLEOJFWZRELYVKGPRVDS,697991
ADVTZHGURDZNSGDOBZYAXENFPIPXZJYBADAL,808123
ADVTVMPNTTGANCUAKDESFSIKSMFMVWZCYEAO,144339
ADVTZATQPPZGOPXDLVUVKIQGCPAHKEKVFOHY,500075
ADVTEPIMFYOJGBVTFXLKWJKDFARCFGMUEGMX,481642
ADVTDPRLBEEBBMQJUZROAWSAPNLBQYAXVSBV,259628
ADVTRRGJDINZKHDAIVWXZUEDBGWZKDLNGXJP,446208
ADVTUECICOGEYGUCDUUQSQPILKMESNHQPIUS,400814
ADVTAVFPJKKSDZIHYGJELVQOITTANCMQTMQW,15783
ADVTQXJGOFYVYUDJKXGLZGNVJZOFIZUKPAKY,429674
ADVTFYQGTCCZCQPCNRPKIROLYMGUVEEYHEJZ,391508
ADVTVSYXAEPFHRVDKDBPGOEOUIFDZLXPICZW,857581
ADVTERGVCBOHLDNNHDFCPMPFAJYLZSFDJVCF,763629
ADVTPMICJXXGZSYFSRPZXSMGJTAFOPDXUWJT,448841
ADVTFWAMFDRPMENZSTCOTHRYTHHOPYEUSGDH,787891
ADVTUAAAWJUQEMASYABQXAMASPQVSRVYEATG,882456
ADVTRIORGUMXEYSZJMQZTJFNZZMUCRFGELNN,987614
ADVTLRGPMUUNBFZJEMJVVKSQBXFLRDWCIGFC,927085
ADVTVIBWNVAPPYIKDOQIHZMIFRRGDDSOOHZD,428708
ADVTHZEGPZWYPFDZYKJOWVEBOQIHWEYSIVEM,386808
ADVTVXQTKPWUSPYTXIIAXDQKNBPDDREHNSVO,469664
ADVTNOITMDXHUKTLSCADMDPBOQUOWZPICZTD,893469
ADVTIIUYEBDSVPHLJAZPIMBDRCSPJDDPSRRD,92733
ADVTHGPOYTMNSYLJYUCMVPFIHTSQCWAKSYEE,870647
ADVTXYJRCXGEEGOBDUPBMXWLFNYFTQILTALF,389542
ADVTQFGDTGDBHCBPUBMVFPLGWIHNMEVKCZGT,373884
ADVTKNOJRMENHZPNPERDPEEJXLFTPEALBGXF,728376
ADVTZJJCQWQVOPCRATZZGICOBPYLUXMNAQPF,584102
ADVTKWACTELTLSMRHGQKODCBKIJQDSYYPALO,207107
ADVTBCQHJKKBGXJDMASUJSJSPMLVQOXDCTWZ,600383
ADVTMJLHRDQJNHSNPRTFTZBYEDLIZJTDXJPT,729288
ADVTELOVFCFCTDRBBRMNRAHAQYGVRSHNTFXC,501277
ADVTIBCOEUYYFRELTSXQNXDLPAEBVKBBHNGC,582591
ADVTBNBGVYFHEKHQTRTSKDFOEIGVMRBTZOVD,595485
ADVTCPYBPKZQSDEAUKTBHENZJGPVJIQXKTEV,364959
ADVTTCHHDHZSYQDYQQDHUBIGGRLDPJDVXSOB,891809
ADVTPIAUZAZEQPWOBFUPHWMXFQDJSULZVGVU,92215
ADVTZTWYUWHNDGYAFUNRUXUEGAFDCOPGPKJA,702698
ADVTABHPJXVLQBAAMNPNOPMLLHXTDHEEPXXJ,333000
ADVTDFGYADMNUEWRAJUAPKPPJKLZHCRUPNQI,46938
ADVTFXZCTPQZJCCZIMUORYOTPGLWOSIBFPDU,568857
ADVTNKEIFHKGPXQGEWOVQIYOUUIKJXZFJVVW,419063
ADVTEWVCSSXPANNSGTXVDZNZRXKCTCGZEHEI,375640
ADVTLHZDRDWPLNYUJSZJHKSXBMAEEJBRUXVC,752018
ADVTJCSSKFSQGXBOWVBAMWEXNBVBOMRNTUTC,106925
ADVTCPXBYZWAIMFJQYHEOFLFRCIRYSVCGSKB,500385
ADVTGMDJZVDCZXMEDHPCSTAPYSRQGUVUEMSP,125941
ADVTNMEIHCQINWMVCCDZSJUJRYDFQBCCTUAJ,209702
ADVTANPOXGQFNPAPGUFADYMYAJCOHUJZCKWZ,561037
ADVTVCWZZLSVHRGOYEDSIYUZQEBCRTXXCGOB,186609
ADVTWZOOQNQNQIAYHBLDOPFBXPSWAQSDSZFE,349298
ADVTOSTTAVACWKIKHAQTZXCQIPINCQYTDOYL,926469
ADVTBVXDZBAMNHZWAWMZTBVHQEHHUNOQLPIL,262712
ADVTNXNFNPNFRXFOLOLSUBGAZBWBPEWNNMTO,206595
ADVTYVANMCSZUXOZACATFBCLNLJBRUFPPPSP,325951
ADVTTXWGXJHDJTQMDCGSZWGSMKVNZRFXMBXZ,791655
ADVTWTZWVLIVALEPCKPRBRAPEVDQGFJFVTUC,613584
ADVTEXQQMGRFRPQXLACXRWJPFWJTJKXWRUFG,295673
ADVTQDBTBKWUGEBWEKNUHMYFCHMVWHLSGKFA,149504
ADVTHOSHUEPRBBZXEWYDADGBODFXRBGKNJCJ,112224
ADVTWRRBWKCIAVVQHQICCVWDCUEBRNQHUKHX,683351
ADVTFKYUSCOZVDSTMFVWMBBAZIRNJPOSAMCE,958201
ADVTSAKHFPJVYYDKWBZKABAWANQBXCJJBGWO,21417
ADVTFDLGUMGNTZWKKLUMHPPPDUKINOKSDPPK,58325
ADVTHOGFFABSVKEWQRRCPEZFIEOTHALGJZOS,4089
ADVTTKGPVMELJVJMFMVSKWWRUOROPPQABMXP,28279
ADVTTTVQJKMBAICDRQAPXRHYWSWDOGSDQKFA,953720
ADVTGEJXOMDEOXSSPAPJBAPTDSZXBJQIEZGV,367965
ADVTRNFRTPCIGDTUDSSLRUXXDUTETPXQKHFH,118235
ADVTPLMYEHKJVRQTZAOGPZOFCYKALMSNJYXK,862704
ADVTBRIQAQJFIGZJRAEIZBRFEASWDWJNSVSB,317766
ADVTJVWPFGLWMYZVIIVPRBOUVQCRFSCGLMNF,659265
ADVTJDAGERDQEWOBJGBTRKBDWEHVKMGSKTLM,249628
ADVTNKYCPITNPUBCPZOKHVPHUBYWUWPODHIU,710874
ADVTTQZWNKPIGBDPOBAHUTGBFZBAIBZUWITH,56073
ADVTNKEOTVOWOXDSUOZFHVMMUHDEZSNEGCDG,436528
ADVTSZWAPYDOQFNYMCIEKHBEVGNHVJXCWFMO,951963
ADVTNBQHDPJRLZFJSLNTBNYSATYTZJHUEOQV,807938
ADVTXXSYSGQLFXLDXDUMGTXYHABFYAMTKGMF,54235
ADVTNTWCALXYURBUVVBBSBTHLKMQGICQHNXR,97815
ADVTWMHNHDUPVEOIJNNXPZLHZPJGHAOJQIUZ,466277
ADVTJUGHPCMHUPMLATGFHYTRWSPVRRRJGLQS,855925
ADVTBQINNKSJPBAZAXDIGSICMXIHJWWARGUP,934109
ADVTPSYACBNCWVAZEQJFXXGAFGXABHELBQYK,675890
ADVTQXTMLSUOHKCBTZMUVTERYVYJJFXSHXZB,584461
ADVTYCXKHSHGTXQXMOUOAUXMAPXLZGKLOQCG,265831
ADVTSIVDTSHCCHHWJEASIWYFSTNCNBXBNFBU,627452
ADVTXZUVASTEPKJMXENFHHVCBGYDRGLERNWP,282763
ADVTUDLSBHZJOWKGSOYIEKTVVOXCGKBUDWTP,908712
ADVTUWBJPRPGFOMUSIZJDIDLYGNBPSKWAOTY,559616
ADVTHQRENDJIWGIIMORGHAKQMSUIWYMQSPNN,869766
ADVTHDBEHAGPFPLVHWMCFBIPCMMYOUINRQYZ,645071
ADVTVSADBXTEUEPGOPSXNPAACFODHJMDJUIK,16640
ADVTJZBJWVAUVMJURARPYOUQDHFWCXXUIXOH,109538
ADVTEDGEYKGUYHQVHYIEAAYTCTGINMKGIEXI,549855
ADVTRCMECFTXHJNVPBLXGWRIUPRBMJXSGSQY,373552
ADVTSRVOZBWTHFAZXGYCCVPTQVJTEZJNKQXC,364928
ADVTBMREDOORARAGYDZLZVCJSRELDEGEMDMP,182745
ADVTBJIHSBGIRJHQJRWQVIWUQCTWAMUFRCMF,896667
ADVTNXODVWNOLMGQNGKPUPUQHIQOGMSWBGUV,252950
ADVTDNJIOJZTUEQFEQZUBZAXHRWUQATZXXEN,625501
ADVTULYOSVVVDWSINTWFFLAPGQLTKDVVEOGX,242453
ADVTAQYQLUIKEGUAYFGMHQFFRIYATVTPKXYI,666295
ADVTYZGBNMTERFJWVAZKCWXENZHZPPXBXELX,198078
ADVTQPEVTPFQSXJLMYDDRGCBNHPNHBZPWBQX,860529
ADVTQIDZDAKCSDUXWGLNTUGBHGBQHQYNXSPN,407137
ADVTLGNPSHPYTASOWQWIKZVQHCLZJRPHTCOR,905091
ADVTSKBNJWTKWIRKUMOXHINHZVUMTYZQSIJF,426815
ADVTFPOXEEEKXFAUFZQVAGQHKCSOWSHUEIBG,361688
ADVTCDZMOYGFTCRHSYCHBGPHYTOYPFYHWJIH,681431
ADVTTOSLKDFTDCDMDJMENOCLWRHKOQIWRAXZ,100578
ADVTXPSOZBBJMTTKZCOENFQEVURWCJFSXQBP,288326
ADVTCYHGIWZTHGPAZWRTNZQYAFVPECOYTSWZ,902418
ADVTFFPRDZCFSRYZGQBALKIPPPQPEUJVEXNM,863432
ADVTYLUZTAYVFADDHEYOCODPWNFXOWHWUMQT,288704
ADVTAHOPFGPWDLASEGHFYXRPWOXRTTSPQXGJ,68923
ADVTTNAHFNVDZDEENTZHYBVQJLDZJXEJSZTR,864641
ADVTYNJBPJLTGHDULPKDQQHDWVHLIMMETTEG,295758
ADVTMJUXHMLZWGRWWCTLUAZWPTGGSBBLTFLD,12083
ADVTOHNMRLCPAFWMKCOXTBNBKFPMQVPHWLHJ,134115
ADVTVQYIMZUUANQSOAXNWGSHTQXYSKCXXJCS,925386
ADVTESMTQZYGSFKUMVRTPVRCQIHYHBBEQRSZ,956118
ADVTVGPJUWEIJVKWXEVKFFKARYGOXOPFZOQI,965554
ADVTIJKRGVVFZRSMDEFVHQAADOIJOMUYLILJ,63490
ADVTMIDSSRLMQZAUCKSFGILPUYUSIITSMUXR,102038
ADVTMEFFWFLTKALXCDVKIWWZCMBZQXKPQOBC,742070
ADVTKFLOJCUEIVGNESLNVHGICNSRJEDMEAZG,748567
ADVTWBWXYEPVJBZTPSSWFWGTBAFXBFFDQLGL,338334
ADVTYYMPOZLUHJQLEAIGBKIXKIGMCCWTAAKS,921372
ADVTLGRBSVRTKBNNXWJROWIBZQJFTEVZGKYM,966050
ADVTZTETYGESJIPPCCLPKUMQCOXHJZOPRQMQ,253644
ADVTJOYHBNYMFQPEVEFLCQNLCCZSTXSNLVIS,565268
ADVTVHAIHBUZHPCHGHMREXYQJMUFYZZXSGQP,653656
ADVTFQOJOJKSVPOBNWAVKRFRKGTPNYZJUCNF,699539
ADVTRRJVNRTRZYRKTCVVDHPEGLLJNFHUWZAX,733167
ADVTFCRWBMELXBYXFOUBMNQNKAHZCUKQJLLC,957989
ADVTLQTRYOEPZWYKUXBRQRARTULVRWETPWAM,140406
ADVTHWPQHNKPVGPYCIDKYXYUBGAVQCATUGHH,468348
ADVTKARPMTYMIKOUCFGGIVAWWNTXNOWJJLYI,472642
ADVTIUUUEYLPYALCQOXMBULHVRTNVMFAJPWK,850478
ADVTNDDHOOEMPONLQCQADHQUBQHZMLHOMFEK,876271
ADVTJWBVKFCCGQDWWJCMBZVJKHHTTVIEUGNI,975713
ADVTLCBMAICSNPLONHONIXHQCXYMLOFYDESO,596475
ADVTFMOGPRYSWZFCOGIHZUAVXTIRHJAQLHXJ,698287
ADVTZQIRUGNYMATZNLPXJXIWKIUHDKXLRTII,957879
ADVTJFQVPJHQLZDGKDRTWRCIGGIDOZMLLZTQ,738419
ADVTYQIGQDAXNKHIISLPQXUGYUENUIOXZYSW,269830
ADVTNUZUZYXSKZOUZSPTDAQQNUEMECPSFNAD,450049
ADVTRQYLMBPBCERQIIRGTYHSYHQVFSYRPAIW,498577
ADVTRTZWUOWMPZPPJWUTJPHLBPEOWBBIWRVD,748770
ADVTJJMJXPOVZDEFDEMIFMFNHRKNKQDUFBCE,714331
ADVTWEKCUILHDRZPQIMMFREBBIHVBDRCRTUX,940287
ADVTGEYRPQDMWUQUXJTMBPZJLMNDZHRTQFIM,353146
ADVTNFUNIOZJCPYYGSGXXCNLPBKWYQDJQOEW,210628
ADVTPYQJAUWKGDQATBDBNOPESCTIPMKCNMFR,253506
ADVTURQPBYPQJUTDKUUKPOMZLQAUNRCRJPXF,204855
ADVTIRLGTLEQDEJTLZYJAJFKBAMPAEHTNYXK,751729
ADVTSWHGJVFNBNSCHPALNYDZHNNYOTWWEYSB,940456
ADVTYAODZNBGLUNCMPVIVMALGDVFAAREAPWG,746883
ADVTPHFMGVURWLLQIYHSVQARMQYUNLRVRASI,871
ADVTQPQXJPIBFQNWSWJSPZJJTOVJDLQISHQT,352055
ADVTGTXXZXOIXQZOIGMPBVQQEUMDUNQHISJM,84677
ADVTUAPNKUCYDGAHUWTCEXWDMXPKLLSCTYYG,612278
ADVTEHOWQEXDYNHYCCXUAJLPFGHYUHHHIRKQ,863168
ADVTMLEECYGWYENXZLKVYIYJZEILSHODEMEU,593283
ADVTNRIZBPXNGMPLPOHGOLZMUINEAIRCAQSG,320822
ADVTLLPNNIZKAVTWGDPUGVTBQAJMZDTBRVED,646005
ADVTNWFXKZWVTNQROLGOZJHGEBMZMELEQPSF,942306
ADVTEYFGXAIXYQGVVQGZHKYIUJROZRXMIYYI,569154
ADVTGMEGRKFCWDSYKQDORQOHZYSAXRMVXGZD,256299
ADVTHTTXBJIGAKBEXQNUGEFECQCBHJAFBBLT,266841
ADVTKYOESWPMMVVFVNYGHEUZIYFIQNFKSZMZ,145968
ADVTAVHEVTEBPSBXACPCBHQTVGNGCTPUKSLH,943698
ADVTLSODXFCRCIOFFCDLTZYCSQHRMXAPZCDQ,472669
ADVTEPSVRARHNBLWOZCEEITZGKRIDJAVGEUR,163390
ADVTKUMDPGMEPDFYHTKZGTAMROFKJUETDYHL,920490
ADVTFPUXAEKSALXTPZISFXLYRZGQVIIUAPHW,899753
ADVTJENUOQLAYGAJXLZALEDPSKPQNOMOCLPN,63671
ADVTSGCWDSVCLSMTEETASTFQJNUYRRNJIZAS,9631
ADVTGPWQBLVFWEGPFXWDPVOQYDXGCOTGIESZ,320841
ADVTTGZAFYRUHQSKTONOYDSDSEWCOOOIMVJG,555246
ADVTOTRTVBYXZWJNDATSWOQCNZJCQBFLVYNM,820544
ADVTOCMOOJJCPORGCVMKSGAKPUXQURZZUKTI,45645
ADVTCJGYSWBVQMNUQRUDQWSSESMPIGISNCCP,381994
ADVTFJKONZMCEMQZMVXMRMNMPMKGMUTSFXSM,303763
ADVTUNSGONJJHQFPPNEIKSSAPYRUOOTEVJHJ,771142
ADVTXQANKPYLJNHISXZMHRENRKNRAZCPTKLG,557928
ADVTNHNYSHWUJIFEVNPYCWJJMJDOCFQNXMXZ,531067
ADVTRGESTJZCAKSUZZNAUYGDLGDSKXNQNXGR,532893
ADVTVDCAEMOMXIKBBOVEVJWEJPNOEACISCTU,955091
ADVTNWAJPMGXRFYEORVIWDTTCUYYWGKHSGPS,792747
ADVTSJGJGUAXCWHCNIDEMYQAMAZTHMUSKKUC,571055
ADVTENUPQEVHBXBKKGZCFLMHWKBLSSWGVSZY,465009
ADVTVSWVYMVTOGSLKLONIOTAUVFWLMAWZFZE,575119
ADVTQZOSHXVOTBZLMPMATUTPDSUOZOKGTNBV,198954
ADVTPFKGALCEOWCVBRWFBRZPTNRWIFQBORLE,573661
ADVTOHOSKFZKFXOYXVDIATPBEWLJPGEMRESH,74667
ADVTQPVFFYVGZTRPBWXCIMXSLVQEIGHAWJYF,381698
ADVTBQKNIGAVLUXIGEXGFFDQAMWOBUIVEPRN,604131
ADVTGZRGRCUFHHKRKNGYVNZUNMBDWUSCTTTC,389020
ADVTQIXBNOYFTLUATJIAOSKEBMNTTHIRYUDC,763889
ADVTCQANADAOFDNHYGLXIIOBJZHINLDDUHCO,496389
ADVTDAOUVMGADAOVNZECOGHDJAEKAGRFMWFC,484418
ADVTRRBEJKKVPDTUERFUHSRUQCEPELBWLNNC,520754
ADVTWVHFLZQXWEKTRMVNYBYHONBEMLIVDKOL,936487
ADVTNIRXRCVSZSLTJHUKESAXSTKCIPGBZFJV,247074
ADVTHRNJKUTQOQNAGRIHLRHPFLXXTSRJDTWR,166228
ADVTXEPPXPSLDAAZDBMWTCFIFMBTAIIWNYFG,756270
ADVTSSYECPGLWJLBFCKUYRZWZKJDPQJPHTMS,613975
ADVTVCFAHHGWPOQVQUMREWNOYGXFOJQNYXJI,479176
ADVTQDZPSOAZIEZPMKXMUBOOOOWXVCAZPJCL,366406
ADVTGHBTOEFHTIIPCZDBEJDOJZXQWNRKYDTO,598123
ADVTYBSNNFPVAUPXZABLSGQSSOUHACOAISQD,28857
ADVTUUBNPOMYRNNALMSYWLDHBXZTAOEIYXUR,601389
ADVTUAKWSQYZQJGPPUUQDXSIELBGOWPFRWGL,625584
ADVTYJOFEYRJXABKRJUROCODCFZOOTKYBQYL,736383
ADVTATOHLPLPCETFZTIYTXSETMZTAFEPSQZJ,384581
ADVTVAYTCWDHFUHWFAGVSWGEUMYXRNNCVKCQ,672512
ADVTGJJPRLDYMNTCISLUTTWLWTWXVUPTLGEV,860272
ADVTYOTZMZCOMDPRYSFBOPIHWNWGORPCWFXB,493497
ADVTYCLGGDGETZUYYQKRSVPWQWDNBDQKMOFT,72505
ADVTVMHNQTWRRPHSZKAUAOWHCGMYHGMIGXIP,913894
ADVTAXRQIANQXGENNDJEVWOLFARUUAQWQAEK,578441
ADVTUZCOEYDCYDCJRJEXCOJFWEPZKONFZXRO,658151
ADVTTYRZEOHQFILTKWUUCIZDTRATIPYPZSXX,385298
ADVTVCOQGHPXQFFTZVMLLSJELWGKDLJTDVCX,997434
ADVTHRURFCMKXFVTGGJMEXYSQYJROFDOCXXU,189804
ADVTNICPETYHKVMITICNSDVFXDFWFQYPCXRH,897784
ADVTCFOSCDIKNMSKSVILWXNYTHDEYNDDWHRB,966274
ADVTWBLUCBVFHPNBAVWOIZSARBNOWBYNTYZJ,712613
ADVTQKEMHSXEXLCIQZKGPVILIXDEYGJLOUXU,788763
ADVTQAYIJOUEZFNIGBNVSOYPWBNIYVSEXQRA,190843
ADVTFJRXBQXIYUQAEFXOWSWESIYCUNJQKJGG,13377
ADVTZLKEBOXQVYEIWDFYABSXCJCVBCWJWIYF,549902
ADVTTEELALTDKLXBUPYHGQNNKXTONXWOTARP,239302
ADVTCHDQQFNFSMQPJYSYCKEZIPPIMJJRGDYK,521782
ADVTCNDUBHYROHAWKOFEKKEFKIHBHOSDUDIU,553039
ADVTTUBMGYNVBLOJHEVVNFIVMVFPWZAUXKIL,293760
ADVTXPHMLSHDXJSFQAXLQKCSYKXJBROADHNG,549828
ADVTGQPXSBSTAADBLNDIPSKJIRILNMPYKKVQ,32950
ADVTBYZMNKXGJJSNGMFEQTWVMDOVUKVWYAES,904892
ADVTKCHWWCDDBCIIRDJOSRYBWCZNVDEBAYLF,275452
ADVTLOIOPGYTICMXMCCSIXLEZMLFUQYCJQIW,609210
ADVTZYPUOQGZNZFHYUVTHSMXTUPRLKXBUULV,971670
ADVTPDJQMZYKHZEDZNQUTDPMLWQDQMXPRSXG,777596
ADVTQFTZCKZGBUGVPSXFQQFMSCBAXOYEJCBA,972559
ADVTIPJIKRESCKGZYHFFEBMFRWAFWYZIGKAY,512371
ADVTOIKZQTRHBRSBYWDUBSSEVKHMANZAVLNG,217527
ADVTDSIPIEGYELATAFZRHCYEQMBBPTSKILFA,326619
ADVTTOQAHDFYFEDMSXZHRGKMHADPQLEQCBMQ,631482
ADVTNQSUXHGKPKGUPCVTDUJQDXAYQFZYSADL,809247
ADVTRWISTOCQDKKPKNTZPRQBXVAYNGIVXZNF,201697
ADVTJMNIMTNKHLIHBTOQKTYLDCXZNCFJZLMZ,992902
ADVTMJODLASBLIWDPJTVEYOFEPFZJXMURITF,12652
ADVTFSQVFIKKSOSLMIEWFCZVSIYHFQDLGJLV,456317
ADVTMVYPSNRQHUDOEEBRKDCDSKIKOOAMFXVU,827380
ADVTCHZZPBBTCFOKTBCUDMYFFBTUVWGAVFCX,960725
ADVTHXBXGWHLRFUVTSGZHDUESXWBGISUETFC,605129
ADVTQWMSECKUWWKPCAAVFVJYBFKZYUWOLTZH,96179
ADVTXOCCXGNVYJPQLCKZQDLWRXEWGSUTQUXA,163702
ADVTSEJXTCGWQWSEGGZJONLFCEQHFKUCIGQK,237978
ADVTMUKMIUUBTZYCDMEDZRJKDOSLCNBLHDAR,295447
ADVTRQNHDJTTBGLEZBNRMCOAPTMARMLDZMEX,775639
ADVTYNUNZAZGBTMERXZHFIFNEFFFKWEUSKDZ,868265
ADVTVXEPLSXDFWRGVDZKTEDVRLTBPWFDXLUX,727826
ADVTQQHRZUESVYUASEANCKTWQILDQLDFSUTZ,686188
ADVTRGNAHFDMSHVQFVKNNMFQWKLOHBTGEQIU,843197
ADVTZRVBTEUOGWLVKBZOLEXDNZOHOMIJJTXY,966429
ADVTTNWCROGECJBZSDHBDEAKQNYYDOOTYGBW,731048
ADVTGOWYKJFFFUQECVQEBYAQLWBDXDZIITWV,164115
ADVTLXAPSPUNEBTFHJDLPDUJAWEGYSZLCXMG,37052
ADVTYVHWZHPIWPPOHVKHCIHAHXFLLAUKIODS,921340
ADVTVTGNNJSKWJSJMCUEOIITDVVDMIIKFNIU,335176
ADVTEXRXHTHBFDLYHDNEYHTCCNWVOPTFUAGF,869642
ADVTOSIXKVZUKVTCDJWQLVHWQDOCCDQVRNFM,709467
ADVTBGJLGZRZRGCLPUSOPPEMWCIXUVLAHEOL,528209
ADVTKOWDERVFAEQSMAMUSVBONZQHBMYQUDNU,5458
ADVTCCISBAXKOPVQCHOXVYJLLRYMZJOMMSZW,639241
ADVTVUJDCIPMSXCWTAPQCQHFMTOKUJUAXION,576174
ADVTSSJMPDTVLKQGOGZZLIKQDHONRXBUBNUB,120907
ADVTYZFHVJTGUECWASJLNTKOWTPJKCEMAXVJ,244608
ADVTJXXUFFIZWBGRNADDTOLPNBYQZFZCYYWD,380303
ADVTTUJIGWPFYDZKNMOMGIHBBNBWBAWMJIDZ,850894
ADVTMIWSUQBGZZJEBIYGONSZUGFHTFVAFVOM,977829
ADVTOIEZVNRMJOHXWINBOQUNKIMUXPYZDHYG,238678
ADVTDPQLEOKKZTNLOOIGJTHWIUNBFXLAJNXL,945561
ADVTDTMIBTWMPQEEJGCOEAIUMMDPZNQCIYFX,835072
ADVTSLBJRQMESWBILNNIPSFVMOBXRYNKDBVY,326550
ADVTHONOGCOSNSEQCMDGOJHNOCUWGXOCTMPC,215499
ADVTUNZCTQKOJXWGOGIGQGEBNDQNRRKMGFZY,709831
ADVTKAEFKQUFKCPLHNHMYPAVCVQSNLQUILLM,222455
ADVTNLLLXPWKMKOZHINTVPYJDTPTOFLCLCEA,689812
ADVTJUIIJAPYLVSMOARHUAUGWEENUPZUYXVL,875882
ADVTEJLUVNERLEICPRRIIJMNIPJONZAXGKUK,235048
ADVTWNGPHJHYSZACYEDIBDTBSPWZPRKQGFJS,736745
ADVTDWHNHAKVHPLRMYSFINNVFXVNAQSAEKZB,902685
ADVTFTXCKWAZKRVWBYGTMUACVPNHNHUZEMGG,422020
ADVTTCXGFXXLRXKYNTGIRNCMZFZBHQDLWHVK,112718
ADVTTJYIAYVXAOUBLTHMEHLIQRVCCNSAUPDO,788873
ADVTKNHXKLSMUECPQKLAXUSMRREAUNYCEVHU,484304
ADVTPONWVDLUBEWYHSFPEKUIACXCTIQJPFWO,616567
ADVTUEMBIDMNDVLCRZWTGAEYDFXDRCSBTRRA,676963
ADVTKIVTZZTIJRQRNNBFPVJJSBNCNSTIXVAB,900417
ADVTKWAWQKNOQMGEOLSRGRKDPYTZPLTVJCBF,978326
ADVTJMQDPXMTYLFNECAIGJQUQMGFOAELDNHR,953093
ADVTQKSCMXTEQTQHRDQWJVUCIRMDTJABPMQY,35495
ADVTMADAEMFGKJABXJYPOPYGBVBNVCTGLBRD,131816
ADVTWCLFBUKRNLAHOXGCCJMMPSQINSWIZENE,326406
ADVTEUGZGNQXLAXBKIVVXVHKBFXFZETFJYOE,329162
ADVTPEMKBHYRNBJUNQMWBKAUFBVJKDRFMRKW,951593
ADVTCQPCOAKOPXAYXKTARROCXXDSSMYRYLNJ,356900
ADVTNKPVXSRGGRSGRRUUSEAMNHTSJTYDNZBJ,23668
ADVTVMBJAXJSMDSDVTSJYWXEWDOIQHLQGWOG,849839
ADVTEXRGSEJJJXXJIUDTYJAGQXPLDRKCPOYQ,544593
ADVTJCTMKNTABOKIOUKTSVDNLXXXVFCMFJUX,465760
ADVTDDCNMLXEFDIQOWYSSDWSUWDTEHZOUBIE,357289
ADVTJIGMQAUGMMNHCTXOHQKSCEDFNSIIBWDM,674046
ADVTTHSTSVBOXYRYJGSONCLNSYZNOVVDIZVU,220576
ADVTVYJUMXMSLVQJNNTWJVHWCZYAHXZSORZL,349543
ADVTCWPEVTTPTREQMEHZYBTZCMRDEQRIGZIE,665769
ADVTACVBAOHHPESAZLNLBINKWIMHADFCRUXL,956472
ADVTEKBFNRPNZZXNHIOHQIEEEJLBHNUPQIMS,943440
ADVTSGNDJCACCOZCHQUHHFWUZYVGGVURPVBI,281048
ADVTMIJMWYUAGCMEADOHUPTNWWIYJXLRFLLE,364371
ADVTCXOHAXTKRLWZTPUBSONYLCETGVXWFIFL,72022
ADVTRZPUZCJITZMNDDRUDVFHFEOYZEEOLZDN,736248
ADVTNRPMJNQVAKFGOVRFRECGLLZSYICSJYFB,493755
ADVTUGFIBGUMNJEFNXIAQYZTDHEXBYYJOTGI,980019
ADVTANBSZTUXOSXQCXNEECVKVRLPTDYPJHHY,724847
ADVTMOPIIFCICXVUDOKKUFFNQCUOOMETULNH,835086
ADVTWYGXMQQJNQBAPEQFLCJJUDUJRKMGUSPG,132841
ADVTEYHCJYFXRKKVRVMSIQDGVYCDOXBCZIST,910838
ADVTUXBHDBNOQODAGZTDTJRGRURADJUKOOJF,9960
ADVTVKPZOKOLDMKPKQDDFXTIICYMCGLIYARS,293075
ADVTYBLDVEWIYQWSXMCCSVDAXWQIBJEGYKAF,222094
ADVTVMDNJLLACXBNEHLTSIMRMHUMRDUVZZFW,709599
ADVTBYAAWTAFGURJHTXDQEPTNUBMZECMBTCP,200176
ADVTDURRDFOGGFWDDOSBYIQNWKGOBIUOKTXE,329599
ADVTXKVNRLDFUMRCLTFIOEIQJDOLLZEXSXRY,228220
ADVTNHMGFCCQVMUWBAZLEJAEAGQQNYCRAEJH,591390
ADVTQDNCSOLGEKBDNBHRAHVXCZCOFQOWEVGI,224049
ADVTUCVMGDXQYFMWANSVTMUDAYQEVHXRXQFH,308769
ADVTHXUNNAULKWBGOTCLLGMVOGYSUJWDWBGH,679948
ADVTPFRDBDISHUTHICZRCBMEAPVHPOQNQDCN,1034
ADVTINPTFYMETZUBZFAJGYMNMHFCGNRHTHNW,746278
ADVTWLSVNFCKSNFZJEOAMJZHSOUZGODNWWWM,970277
ADVTSXWPJOUDWIUBIVTBKVFCJVUSRCPBXWSW,378466
ADVTXWQBLUIDZIIAAZCZANEWFNVYBVWDXVLS,907294
ADVTZVQTPMGLWFXXIFGIYIFPWSZMUEFWMNLG,507635
ADVTSMJNDTNFLHILZDZGRWNGMEBNEPJXJZAW,298208
ADVTKIKKSBBGQZPACAFFDGNHUQEXJSDNPHSN,338296
ADVTJZBEFNLNLBDDKIDYZFNZVXJPIWRGTCSI,173080
ADVTRJRIABDQALQSJRJVLPRUVDHTNPNSWAEQ,172145
ADVTCLLJDANWUHUPNJFXCZASTCYFDRUPTLML,563389
ADVTFNBHJIVTFCGVZFQLUXJLMIYXCGJSGTFL,504973
ADVTIJXPSTTCQZSZPMYGXQDKSRRRWJUIPAGX,276972
ADVTNJUQEKMEMEMEUOIXZDTLPEPJRWVVWGFV,131968
ADVTOORVGNWGGQAALETJQEYPRZJJVPFPTZMU,553623
ADVTKOBYVEAYZUWLZPFDHFVLFBPSWNCXGYLN,464009
ADVTYMZFQJXBHDSFNPCPKZPJJCFVFZONEBNX,723129
ADVTJSOSQJSLXMPGLTZAARDKCIVNPXNPGEVW,522435
ADVTRPKLRHXUXPIPHQFSHGWIGTWOGXTSUTEF,802963
ADVTRCDBYUCIQSPXRHACVWJFFMCBNAGAWSUQ,423396
ADVTDJZCJFOTVEESTIVJJONTNOJJQUBLDODM,4749
ADVTZQUTTBTFLAJCKVBBOAXUQJYOWGBWWKTU,805950
ADVTJCIYKKGLIDNLBYXOJGUCFCKEKFZBCJFM,867092
ADVTWDSOPWQKCJBCSQZDQZVNRNWOWAYZWVCS,572212
ADVTSCZZLVUBSJOUYXGQZLFYOSPODASKFAYK,70354
ADVTAGKMPMVMMCIKWEDYDLMUNGIGBFIDRTOG,230524
ADVTJRVUYAWLBKUIOOWGTEUUAMTDZQGBWLUT,873838
ADVTTUXJAQXXHOENTUKOFZQZYFVVSVIBQLLO,363122
ADVTGZEWGHOEWOOFMCJNLYTHBRLNOLVDDRQY,918924
ADVTLJZEBULYYMFXWCCILPUSLQRBHGSRPABF,741832
ADVTPKQZRXUAIMWXJXZJMYIIVPAMFXDUDRVY,258364
ADVTAPTHYDIRZXFGQNAHQHBEWIMTWYLCIOFK,313936
ADVTFTECZGDASPUKVPPGOMVAXKPEZGOMUJDW,453737
ADVTDMUQGNAVSTPACWKYKWLWPQHFVPXDXZEN,307266
ADVTKSFDZAGRYEQVZAIYLCSOFFYBVEPCZVGL,592451
ADVTGLBVTWATSFHIJCNXBDUGNGEJQRORZJVG,65137
ADVTRJUENVMSPXPFHTXWIXZUTXZGPQMYAJNZ,130508
ADVTZYOMBUNWOMISESRWXDJEBEOZUSGKYBFU,608125
ADVTKLEYNIUSMLYWQOCRJUEUZFCLLKSXLBHC,646794
ADVTTHPWWPJHXSGUOVDVOSCNAWIWAFPIGRCD,67893
ADVTOYROCKBWWUQGAURTWKQSPAXWHNFPJOPO,938981
ADVTFBJDFYCOVNWRRDXVWWWYKPLBGUQPMGZL,122713
ADVTLREOFKYQUKPUKWYDNUYBJNNDYJOIXWBI,607617
ADVTJPKEBLWIZJKYPHLANRYRWLJMVJJTFWQB,259884
ADVTPLDSBTYMYANIBDBIMFGCOGPVHBCATYCQ,159859
ADVTMUIRKSUKESHDZXSCKGNRJABTNVCDKIID,575358
ADVTOLZKKMNZDAUFPVCMEJVHYJTSQNYNYLSU,519754
ADVTXWSDGMWYQWBTGZSNUNQJADPEAEAXCAFK,693110
ADVTBPAOQEKUNIBQOHYEGUHODNNCQUKEQHOX,174880
ADVTHRFMJBLNSOJDJACSVCCTYUTHXATMKLZQ,564455
ADVTAOGIGEYHOEUNUTPDZIZLWNQEKMSJSXSR,516811
ADVTWVSLAUSRAHJNNQDYNCQUQKDKATNOOVYT,430768
ADVTMOHGVRJGZHGAUYZHVAKDFXONUUUHCSDK,400324
ADVTJPYSICSHJPEWIMTJOVVLJGQNEBXYOSRA,812840
ADVTAPVGJSNGTKLJDSZPZMVRCCMKPLQDFEGG,78440
ADVTCHBVVPXYGICIZLBTFQLQOWAKNWVZOCZK,535508
ADVTHUUYXVIYGHYMGLWPSSFAUUVMSCTYJVPP,148306
ADVTSJVRVUWZFMOPAICORZULPNEOFQEGQYCF,72421
ADVTJIBPBQSZGHNCXZPHDCBAEHSYAWLFLVZO,506160
ADVTOPMSPJENHLVDPYJFPKHPJQNRGLSQJOXM,227911
ADVTUAZTMTBRDWSQFHXPXRFKAYGILCAKCPBG,979042
ADVTKZDTEDSEYGYHPPCSXXATURAYHACMXVCB,473219
ADVTANQCPCGWRKKRBHCFUDWFYBNWEKUIIIPU,580220
ADVTVNMGKMOJQWEWCOMHNJOFYTDRXCAJCQKS,246028
ADVTOWIFKYXWQLSKKKANFDZLNBAZQJMREYMI,910319
ADVTTHRJODDYGAJBTYZMIDPXNHMIXPXZSFWC,245337
ADVTNBITYSWQKOCCIUSQPOLAWDMGXXGFODOF,975331
ADVTPKLDGUELTMZFKYTXCCMDVNVUDLYZYUGU,869536
ADVTMKSULKXMJXPDFHNEOKPFGLXFXBKZGSKX,94686
ADVTKZWTDZKGOLUNYEVMMBBVTXYIMNLRUIBO,822485
ADVTKNXBRVEPUJVBELZJCIVWIJAKQNWZJUHU,32066
ADVTVZWBNRVASSQBXIBUHHCZJWREJRKMUAQB,653817
ADVTZJMWCDVVLMBQACDOLOATXKAMZGSUTOGQ,568600
ADVTYQWYKABHIPDLLVSVVBAZZCDTHGIBFTOP,44539
ADVTESOIWGNDNHIEEYYBGCCMDWLOMPGVUBQD,422959
ADVTJGSKUXIOAVMELTFFUKNMWXDUTFNVJPYL,574783
ADVTLWYSGMFEEBQPELCJCVKOCSYNHJMFBWLX,56427
ADVTFFINURFJMQZVYSBHOVEMYRBEGGVCECZX,573859
ADVTSGEVNYUTDSNAKDFTXGEDMPNJSABRVQVC,523925
ADVTNWXQHRMUECMRPZMAAGPGOYVJBABGUCGP,539542
ADVTUAZIWNREWSRTNDERFNBZACKHSTLWRWZX,548312
ADVTCDTVLBPTCLPZPRHOWHBUXLHNDSWLAYBH,828703
ADVTDKRQERQXLZIPFCDBGWRARNWPCLSVFXBL,424450
ADVTYRODDJGWXQQZBHECCNHSGJJBBIENUCTS,687096
ADVTTKQMOHABLLEQVDZTPCSCVFHKCYMPQRVO,919619
ADVTXZUDXYNCVYJRONXMXUBXQJVOEVPXVMVT,65011
ADVTVWXWGHDQNFXKYYXOILEZHDZJRWZSZCMU,640155
ADVTNBRFKPRXAYJCKKOEBMRLXWYBGDYJRDZV,800982
ADVTYDFYTYJLPMHLVUPBCABSPKNNSGJOXDYX,302145
ADVTNMITOZHUKCVJSYJFEQEUBSRBABHAQTJI,733263
ADVTDHOJVHJNOGWJUISIXAZBYRGIRCRJVJKN,675658
ADVTAKIWZYTPWBBNLBLLYSOCLFFSLOCONLBD,605084
ADVTNPXONEETKTONRTOZDWBNWGZQPKJCOUEQ,477029
ADVTKHTYNWLBYEOUYWRILHRNLSIMSXIHANKZ,949074
ADVTNHLWMTDZMWJZUBCYDMVFQPPCVKMQLPVO,42060
ADVTNSFNGNGQHJNQVUWGHBSWCCIZLURGOKNJ,501976
ADVTDYNAOISZNDZFGUPMZRYJZJPOEOINFZWL,782508
ADVTXTBUWMWOSETBSLZZNQSYTAUHXANZBEBX,549136
ADVTIDAWTSHVNGPLFDDRNFGIKWSSNCSKBTOT,653957
ADVTTGSKMDNCNRLTODAKAWWZKMWVBPGCYESO,873453
ADVTKVPJUBWULVQRNIKVVDXJCQFTMZZMLXCC,389796
ADVTABQVRXOZLSAYIZUEUSJVODPPWDQBPDZM,526482
ADVTOOYOINLHVEGFNUBRFWQEZIQXOESUCBRC,379501
ADVTAVDDOTMSLLQNGJIAXVUNBJAPXYCCBCKF,608587
ADVTJBGAROTPKXDBQAIWRPGRUPLPIVDFSWAX,946448
ADVTIUXNJYSMALJEWRUDVKLHDBEWOUXVTERH,705159
ADVTVCXWVGRVEMMSMBTNTELKJLWBGUWTHTMC,139975
ADVTFXQPPMZODGGKISHRQTAFWMFWAATVQHGI,737453
ADVTSEFZFVGWTHRHECEGLUHQJHKAEQFTWQCG,527671
ADVTCLLCSWNJHJLZHAHHAXIBFYVJAJPJYCEP,51321
ADVTIOBTKKLTWTTAGHDHWAEWNJAOOKDHZHFB,155213
ADVTFGBYJKFWUAVYUGSFRKRBNZDYAWCGQPYH,220394
ADVTQGHSPAYZVZEUNAKINYXKDBLPOYAGLUGW,28892
ADVTTEFUQLBLUTTRRRUXRPGKINIYYNGRIHML,104765
ADVTSELBOVTYXPICCSHAUASTBEEKFZFRJZAK,213702
ADVTAZXCPRQQFUSMGMQPTFJXARUUFPSCUONC,859071
ADVTCXOOOTHUXPLXZHMQNDHSWOJUDHAVNZOO,355231
ADVTHXUKFHMDGCKKGGYERIDRZZLNBEUZLNSU,760047
ADVTFQOCVUMXTZWRHXBUJDQIZERZFFRKFICC,794333
ADVTPGIKLZKLYGUENPNEELFZBVJFGWDETDFF,646216
ADVTVYPWGKMPMGAHQDXDZWQNAXKJOFNXYYJP,864581
ADVTAPCONBLUXZLBFLKKMWUGEMRYYZNFUAFN,276029
ADVTHTRXXCSDDFTMNWZBYOMJJOYJQTNRHWMY,373888
ADVTRMIBNWWLAUSSGPZYSMXAAUFBWKRTOGCE,774357
ADVTUYLXEYEEHJDWMDJGSBMEYNNKLNXQHOEA,127267
ADVTAQNYIKKXFQKUFXBLOWGQZFOJMPNIIRZW,313526
ADVTEXQDRUVERVWTJUTVKQKLBYVDNBGXYOIN,584187
ADVTSGDSYHLXQSLZMIUYBZECUBMZZKIFFRIF,671219
ADVTAUUNFAHYYGCBUNQHPZXQMVPREGLDVREI,260094
ADVTGDNFLZZENONHXVTVMUOKMVCHJYXIYNAC,122404
ADVTIJXTRDPCBMXMCBDZLFUOLKUEBUKRKYLZ,787505
ADVTKBJMKHNTEJRAFWHYIWBKSYWZHBGXQPUQ,404391
ADVTPNUEVXVXZCTXSUTHTXFLNGBRGBWZWLWE,386647
ADVTONIIDARYBNZQJWIFOAAVKGHZQJUYVWIP,106855
ADVTKCRGGRMJTBYPXPWNCLFFUVXJHOJUXSOT,845481
ADVTKQCDXLXZCXVBBUCNMVSJOJOAARABTEDW,61180
ADVTNQCKEIQDPFTCWNIFJQWHKYWUUNNEHOSK,500598
ADVTTYODEHKWFLFIEFDEHTQYHTBKKGRYFEQG,545643
ADVTFGQLZROGBPQQXPRDSOGBYGJGXYSRTMFU,396423
ADVTTZRBNLYEQURNJUULZCQNIAXTFRNQDYWO,21716
ADVTKUFXKPQRLNZTYMOKPDPXJYFKFDJCBXVB,499105
ADVTIAGETQHIHHSMWUWICMUMZVQNKJFRUHDY,472288
ADVTJUBCPFQIJOXIHWSZAUAZJCBXHPXVDBNL,290136
ADVTDKNMVNTVXTQOFGPTCCRKQNJYCIVLNAPG,556404
ADVTHNKRQKCCOCAXAKLOKILHIYAPGTPRGZKC,148041
ADVTXKXMJNZZDMPDVRUMCDNJZFEMXYWVWXWG,815324
ADVTZAHXEFJDZGXRMXXKCZNZJSFBGHMXHRIS,38762
ADVTBHUZKFUZKFFQOASSEKNROSXSCQPDUPFZ,860576
ADVTHIIJCVAKKLNMYXLYGODPEKEAIJTPBPRP,155497
ADVTEKYBWJFGKPSQFDVQEYFPXDXOQLXMWFYC,86658
ADVTZHJYCDNUPJBYCXETITZGIULQOKTZIYYO,988097
ADVTMNPQEUFUUHVTHXZMVZDBGDGFJKYCBOKH,962812
ADVTMIEWENMJVHBTVYJOMBVDWQWNVEJPCAFE,9285
ADVTUCHPTVOISHQRZMLKHUXAJRQAYPDEIALF,304582
ADVTWUHHPAEPUTDVDVVHUYFKKLGORMMHLJRX,821946
ADVTJPTSSTLWJJXQMSUJOIUJDYVDKXWAZOEL,644552
ADVTITTPTPWUIYZXJYKBLAWPQLJZYKTGAFJR,890391
ADVTNSMSZYFOLFQDEVVBWYYFLBYTDGBVJHTH,131583
ADVTZKXBWKVYMOTGKLQCUJHXJMLIHVOFXLQG,19848
ADVTGPKHGCFHQKJHNOAZRBBMGYQSLQNFXTNU,589780
ADVTCEROBBFZWEOPQTRPXLXQXLLMIQXOWWDK,578918
ADVTOQJJSNYFVLNYFULPXBXPFEDNBPWBXKMY,656348
ADVTIIMJZEIKLXSFRVNBQODVVNFTBTSIYAFU,149791
ADVTWEQPZVCHJYQRSCLSLGZITMPXVAVGOKVP,866794
ADVTSRVSKLSFPUCBAYJMGLIRBYKMLTFIXQBF,72859
ADVTXNJWQJPFVLGMVMJIWEAVTYUOHQYGIBUP,743455
ADVTKMTQUDBKWALBTGGWUBSCUCSJAQYKHAZF,582923
ADVTCIENXHZWKDAQSMYNPOVWYZSNQZBNNZKM,23344
ADVTBNFTXNMEJAXLPEKTAQVYSZUBUDSMCKAR,379866
ADVTZTFQGNIKGKYEQRIPILQLGIKPINGBGXIO,424515
ADVTXWJXBNIETYIFBAOOHICMLNUODSFHJJXI,705492
ADVTSJKMQYKRZKGMFRAZYJEUUPXQZMUGTFUU,918606
ADVTYNMPAVYMWWCKENAWCGLLHNOXLGEVUAQQ,496994
ADVTKKERRJKIAEIQBHOVRNDPCDGFSGJIWNDM,673378
ADVTMLFMBWUUYIACRATUGBBUFEHZOTRSTKWO,538459
ADVTYQNJYUIQOXKFQRASJEQOBZGPLDCRTPCN,702460
ADVTSVHVFWPECXXGTKIYIMHKUDLPMNPVDLHV,541518
ADVTGRFIPZXRDDEYGHTGWZTDQPUKDKDGOERG,774196
ADVTWFUDNXTMPMJWCHZXJTAUNBCOHIXBTYQF,930302
ADVTAWLTBTUJVDFMBUAHJXRVQFAHOLVGCMRY,670959
ADVTAUAQMJBKFEUSSBAZHZLUWQJECNACLZNC,386656
ADVTINXKMMVKDVPWKUATGZANZSFBYRRPLVTO,955282
ADVTZOWSJTKCQBRFPPPEAAWYFBQRUYQZJCSK,946222
ADVTPFTDZMLOQFVVBXFJCLSFEHCSCHOHMYZS,205545
ADVTMCPJUIGPSQNNNPEGLHWSMVTZFGOPOZPS,135861
ADVTFLKJVYPBMFFKRXSAASWLRAPRUBYOMXEV,931277
ADVTCBSRCSRBYCYYVHXCNAUKFXGAYVJUPTFA,250860
ADVTXHJKVLRGDZGHQBSNVGNCVWZQCROFQUBN,541364
ADVTLHFUHDHZATVUUHYBWNWVAGEEVKQFMNHI,848236
ADVTOWQPTMJIOBGTORDDQZWWILJTYQCDKOIS,663207
ADVTMOKMFWRCBGVZHXNUYPTUPOGXHWKQZASF,748993
ADVTYXKYLSLNOXXZRDFLHWUELBICJABMKFKI,919079
ADVTZPCGEBZBOFELYVTTWUYZNDDOOIEXOTWQ,900309
ADVTSYRCCQDXUHFDKMHEJIIGAJUQMTHAKQOY,601413
ADVTVSBIHNUSIRXEWQRXDUKZPVZKPXWTWMSU,250550
ADVTTZSZXVBWWCPPOBIVKRJZDUIWIYZDDLJM,891504
ADVTELWHLLAXRFKVWDOZBRIZQWKHYKCOFEQP,925005
ADVTUQQPBUVVRETCOGBXAEYAJJEXHAVXSSRO,360084
ADVTHHAVOKLEVWOQXDQRMFITDMCOFJTVSMTB,655779
ADVTZGJDTZVFPSFCISHWEWPKWNRCOJDBJMAI,89833
ADVTYQCMSDAWGFKISXWJHZSEWWLAZPIDCPVM,429526
ADVTTSREEUKQQBHPTJEQIFKADDEHJMKSWYHT,558538
ADVTCGVVJSAMASSQQUOLRKWCXTSMFJRPEICR,46940
ADVTYGPTNJMNSTRXNDANHUWFTGGRMOPMWSVV,601221
ADVTWDAKAHCGBNAWFVSFBPJXBXOJSSZOTBYA,186036
ADVTAPLXBXRUCPJWDIHNNQUZBDBSLMVLINWI,269544
ADVTWGWKGSSZSBFJCBLFXDABIZDHHQEEBQUK,281858
ADVTSTDRGAPFCHZKEMNKYTJSXDXNSKMEHTJJ,511902
ADVTXYUPHBDJBTBPMDFRPHHBWZJJRFRXBPVV,395324
ADVTCDNZMOYCFBXUSWFYULRVOSGHWNNEHJTC,844824
ADVTOPZSDWTNOCGUNKCNSZDVADXPUHVTTIBC,185763
ADVTQPYGVPHZFHKBSNCGWYPUCRYSRAZCQLNU,739636
ADVTUIZVHIBJZLREQLHTMJTIDEQEZMGGPNGS,422443
ADVTEKRJLZCIMTPQZGIATTVYXWCWZHAQQAHQ,940530
ADVTTCMDAAFZMJLAJXIKPXXLSJGVLQQTQIEY,805102
ADVTUCFSEHJIGELGOXVJKJEEIHRLODFJLNIA,167199
ADVTTIBUHJSEQWJATDWXLNQOPENLUVYZKHNA,815765
ADVTWISGBUWBFRKOHJSJIXUEKYRHMDWJWALX,691029
ADVTBJEYTIDMCGBJJNZTTTUDQLSKCNFNLODF,80862
ADVTTXGJWNYMZADOAPHLSYXSPZNRSWCOAAUG,965442
ADVTDNQBDNZZJJSPHULNKTOHLCUKJFXMPUJR,353370
ADVTFUIPZOTFVXEZWEDGITRPVSRSGVEKBMBL,797330
ADVTPNXZNQSXFYRBPUMRHUWTXXXKZYOFWDVE,466420
ADVTUZRMYHAMKUXMYBNJXDTRNKRKKYFPBKDN,123492
ADVTQTFRZRARRUNCFXFJTJECJNRRYGQYTRNG,819109
ADVTTISJEODPONUDEBYUCCXUKAXKJXKSOHUR,66132
ADVTVAKMRBODNUCYRRFPRFFKKEHTJBDHYAJR,586050
ADVTBKGPJNQQWXJANXLWITHDVHVBYBAUCXZL,836054
ADVTJWBKUVROTAPGSZDWIMRQEKRZAYBDSRVB,717344
ADVTDRXONFDHNREFPEHEOHRBEAEGCTDQTXPE,994425
ADVTDBZWRUHWBSQEPSGRYBAKQHLYMHMRPDCG,991363
ADVTKVHGJJLSHIOVPHOAOBRLPSYAXEUCUOUG,248434
ADVTHBAHKYUUYRWVKPAFTOWRSXFPXOKCCJQQ,955606
ADVTSPGAKCJIPUAYXQWZICXLYNKUDPCJSXVG,539616
ADVTZZVOPWPPNNJNVESACLOFNLWRWGNLBMQH,360049
ADVTMOLCALLRYSZLVNVRBVFCZECZZCIOIWHA,356000
ADVTKXSYLAGGUKJOLXPZTFODFDDAPKEGMDKG,903228
ADVTYMBKCJZTURQHONQMNXYKSMWNERVSEGYG,788626
ADVTRLOTTKJJAZJTWDYBVBJVBPEJTOHECZRA,338222
ADVTAPGKITYZKTSXXXIFPOIMNSNQDVAUWISL,273412
ADVTNAVNIMSOMIGQJYIWKSNTYSUUJFCDFROA,845998
ADVTTSXHZOZDREACAPLYASQACFXDFVKTYYIN,191389
ADVTJFRNQIOGITHXHVUJQSNNGARIGAWMPPCD,160763
ADVTTZZGSICVRYCMIGXDUUJVRAJYVAKURDBJ,635096
ADVTLYQMHTXKVVLTDBDGSKFGHQHJJPTTQPVF,986473
ADVTSSXYZHVQHRBWFLVICOSWZTROBIDVHTLQ,810870
ADVTWQUOQQAIQVDKKZGFWJQBFGILZMJBQCHS,392502
ADVTIMUIEVFAROKHAKIPCIOOPKPWMSJLFDYD,793310
ADVTTBRALFZCOXWQZGEHHFDVUVTSPSJREKLH,927147
ADVTZDRPUSBOJOIKTNVUSDMVIIZTMIEAUXSM,555043
ADVTWYPFQUCRBGHDEQAILFSUEKTNQOOATPVJ,784379
ADVTZARJXQOHMXSKZUDSSOWHPKXAXVABBXOP,923701
ADVTIZWILJZPHIRWWNFBEDLGXHQKBBLUPYRS,318520
ADVTASDDCASLELLAPGEBCICQCLPTAKBRXEWS,311942
ADVTROFNRIDSTULSCFGGCETSGMOAOWSFSGHA,693858
ADVTMKZJJLKXIJXQAWGDFVSBMFILOAOLECBX,356764
ADVTYYQPYDWNHWKAUSRDHEGHLTDZGHXEJRQV,259536
ADVTWUMKPJHESBFPPDACHSAEMIDUDAVMSITS,637579
ADVTVSWISEGDJLTDFPDCBIFTBSCBOEQRTQMY,616284
ADVTVMJFERDDUYDETVSAMVJKKDCNIHFSXBLI,894838
ADVTAYWNMOUICCZJXVHPGMKDRKCMFBWXQXWB,348900
ADVTRWOJHOPKDXTAUHXEXQSGCRUVZDPEDRJZ,456764
ADVTXZSDDTHAFSOKYRKWXNGOGFRKFQHYHBFZ,312466
ADVTLTIPGGRMKEWJDPXBDMAXKQTLWGMLZEXU,132335
ADVTQVGHRFJBPKCHWDBGYJGRXXMPGGUMKOAI,686798
ADVTOIBFZMHLVGAKCRTPZXWBXGNDRBVUWTBK,500000
ADVTMZBBFHNDYYKGSGZALXDLRNATBAIQDWCR,289870
ADVTBTWTSMVLJYOMTOQAUPULHIMGBBBWAMJX,458422
ADVTZGAQHFTVMYFZFUAGIVGJIQSXBIZNMWPM,403728
ADVTCKCJMBATTKWHQZDIPEFPNCFBXKKRVLZK,417048
ADVTMIAZTONWUJJBPUZHLCQOQYIBOVLTPEWZ,301805
ADVTICGWSNXJXCTPOPRJHKTTYYWHJRHSXLWC,163902
ADVTGKOZTOVHVBTDIYAAAVNGHWCYWVONTNFQ,276077
ADVTJBNLPHDASZXJNMCKFSCBDTBMJAQFHFQT,891666
ADVTJFRGRMRIDUFYGWTDMEECLUPZRXZPUIHC,572132
ADVTKXZUJIPRAWXWRUGFGURNLZWIDUJVDXPR,758044
ADVTHUMTRGYJGLIAUDRXESURJBDZXCLFLROO,490942
ADVTJJIGOSNUBFQNSNRJOIJJWZQUYBXXXUFA,58288
ADVTWURKLFWTQNTVMVCLANDJCSAUJOEDIUSP,979415
ADVTOCWKKHAZGHHKCSIPRRKPSOYJNPHCMMKY,900496
ADVTTXYYDAAVMITELLQZPRXXXURCKBPKVPKP,283584
ADVTNNWZRWVFABBYVMJXXSJCSUSNRNQKVHJO,671146
ADVTHYDAKLUSQRPWNUOPTZSKCVGSJVVEJQLX,903605
ADVTUDQNSEYCVMWGIPHQUNAFJCVTVFVJLDEG,178613
ADVTEBZEUDGWOABFXXHZLFNVDOZUVWSWOCDK,774859
ADVTKKXIIDDWADEHYJVEMUSUGZOERZQDIOUH,574045
ADVTUUKIUXLLMKMYAFMHTKPRMPTGDNDTKYUH,777077
ADVTJBBPXOBIHBHLJUOUSUQEYROXGFZEGVFD,886945
ADVTPVACFUPHBEONRCQPRRIMSRFTDSVYAMYK,409971
ADVTMBOBPTJWHWHEIOFJBSUJRMRTMVINUYYB,9988
ADVTFGAGBEWVHMWZRKCXWAOKASIURPUVXMUV,276097
ADVTFBBIRTSGHAQKEYDKNCAFYYDSTYXJESAK,210463
ADVTJEZXGTPHDRXXUYPXMIZZGZQAXJYBQQJZ,444142
ADVTNWSQRTPDCYVOZDFBBGFFFITQHPMABULH,201287
ADVTDNGBFMBWMTMHRMKNDRYNVPZMHEPWOZVE,125556
ADVTOLHOFOMRIGVHUCZZDVIGRKMCWNLVFRTP,34285
ADVTJKLBIGQQWSWUWOGDDZEEWVIRRDLQRGSV,671323
ADVTZCCNEAQAYRYFFYWRJUBSAXJRWGVVLXTH,944256
ADVTCQZPTBZYYOHFFGGSAHINZBMDKPPJTULC,241429
ADVTFWDHWKZUVEBLSDSLDUXBCGULWTPIOJZS,328783
ADVTJLQUIGEBVVIGFPJWXGCYXFNWXHPLZRZZ,429599
ADVTAEFUSIWKJZVDVNYXRYURMGDNICIPQVFM,227321
ADVTYMPSONUCXDYSWYVQYNHHZDATPHYXKXTI,385316
ADVTFHCRNUEYCNTRELUSTGGIPRPFNHJTPJCR,158322
ADVTMRDTCWYRFIGTWIYWNIPNFDSTGIKBDYYY,890814
ADVTORBGYKQMVMPWVNOFYQIXJIJLMQMYALRZ,750931
ADVTDNLCCUBIAPHKUAILYOMGMVECPREHFASQ,169033
ADVTPJIJMKCVADCGLUEOIBFNXLHIWTELCVLD,107461
ADVTEWIQKFWECJJXJGEQKCGGPRIFWSPHKYXP,350058
ADVTNOACIKYBEMWDUQYZKPYFIMTJCHAMFGLA,85003
ADVTPVIYBOGXCHXVQVOYLUWOFMUSISIOKXFU,107009
ADVTRDMGUQDTIFFNORGPSYNJORATMFRNNAJL,673189
ADVTRRRJLADBTIPFQWQMKRJXZCGTRXVRWZNP,707069
ADVTFZBIAHNXBARBLTBPZIXFGDSAYGXXPOTA,354175
ADVTJENMXOEHHYAICWWZHENMTKLCNZNZCHUO,263348
ADVTWZQEPCUDOBKZDJFCIFLUIZKJSVUCKVHD,661548
ADVTVQJADTGQQTXCTXBPODCBLRTDDWKKMGHU,700861
ADVTPGAQJWJBDDYFBPFDSLFILKJQAYTLLTAY,822721
ADVTNPZVEKIONOTBXOCEQBTNPYTGRCTSCEHQ,310697
ADVTXSIERQLLSYGVVEJILLUGSTLVOEYLZTTC,173592
ADVTKPVLPBZHWRDMJRQRSPITCSTZMRIGVRVS,669429
ADVTQNSIAHXDJHNDNUJTOWCFZYGSQLBATBZM,286894
ADVTGRFPCEQXJPDCCBBZXZONPDLYYTSATDRD,35034
ADVTXQXGXKRAPCDGCJLSADGFZMMXOPNUIUBU,153984
ADVTFJRTWABWKDRTBDOKFUXBUFMZUTMVCHYG,923557
ADVTLOIARWUGTJDSVYMMKQNNYZTQPCETMMGO,645695
ADVTVMWNZKGZQGGWLFVSGFUKRDHADLZMUMJF,850058
ADVTLIMGBHFTSQBDEHECVFDJZMGMCOJYWKUM,444416
ADVTCMOISYFHJWWKCGYFCOQHQGQAGMDABEON,362066
ADVTVUUGSLDNUJRUNPAMDZGYDXXVPFOIXVQC,389001
ADVTOXSPMMXVVBOSGNZKGIAINYADKYNCBYWC,804341
ADVTIGXILJEAMSADMZUHCNPZIKTEECODCNPM,382403
ADVTZQUNIMHHYNTCPRGBGAZUTTOYATMXCNLQ,90287
ADVTMNUXDHYEBZVBOOMUOFMFLXQPQACQMFIE,551325
ADVTOHUFLGCCJJXBCKILULAJDJVDVIVWKWIW,101136
ADVTMUPKAPREOONOBLNLTELIKJVXUGTSTHFW,553109
ADVTYCKBMAOGXJUMYCIUZVFPNICWRBPOAIER,686474
ADVTQFTNWFRXISUAQMSKKJWTJZMOPAYJOSKY,271944
ADVTUWEBDWBSGPLWYBKTORBJUIUDPXGQDRPX,254237
ADVTNPPLHFCXLCAQHPBNEMANFBLORJIGSJJW,844899
ADVTSRHGMYEEJFYJLDIJSFFDHXYJERIKJZND,609618
ADVTTRMVRUHMZSIBCDRVDUYIOVKMVRTMIXRC,230769
ADVTEOGEAKUQAOLJFECNJXPYAUAUQQWYLAUF,225551
ADVTCBAJJMXXVUVWMNGUIRYAVJDXCSPLBGYL,709273
ADVTJYERPKTOSIKAPVSGFHYCFMQIUVKXBHQB,954760
ADVTMEDQZLZNISJSICZVCHTPIQPRXDIJMABO,235056
ADVTXVWLBSZOZNFGGTSNSMISWFDIXMAJACMO,260473
ADVTVYELGPCXLSUVSCNXHUMWNZIXAHGGRQYJ,594432
ADVTMIXPFWLIKUNRNAXHDITTPAGYNRPOUEIN,272611
ADVTVMWNQBOCXXIEGTKWCHRKFDAMLXKBRJFM,27783
ADVTXUDWRTTDYOKNAWNAPQJBWCMTECARBDAZ,169191
ADVTKYSYUWLXXWFXLMSTQEQMWVPSPKUBHOTO,525294
ADVTQZUCLZEJADOVLHNHMJTJZQNQQZDULWYH,57239
ADVTEFQDTSUGECHKQWTUBASGIUOSLBCWOZJS,229146
ADVTYEVKZCWWQXVHBJCGLRJOZNKJGTYAPASG,23883
ADVTPKBPKNTHJBODHPZZRQVVWVXPYQBNVULH,367221
ADVTORNOLSRQBAKHSHNHKARNBIGDEWLVOLSB,112323
ADVTEJBLUXPXWWIDIOVLCTZOPZGHQXDZJREG,320498
ADVTVRIZCIIFHWOYCLLZWVTMNDHXOQOQDAKM,840803
ADVTWFTQMZEZJEKUDLYDIEELBUCQMTCEUSCR,59652
ADVTLDHUWDCJOWGTYQKSWOXOTWMRQJKCOWCE,569653
ADVTYBSPFKYDILUXYIARWDYPJXRQWMBGYBET,476448
ADVTIWVWFDHULPYZXKVHNCOFLJNDDBNNPAYX,975230
ADVTQRMKAYDMMOGVZWTTWJGJMRIYSBBXDQLH,418365
ADVTUKFDRAFRALXXMMFMOHZMMXPOFIPIUAXQ,912129
ADVTTKFFDNLYYBWIZDMKHHWDURPBSDEQHMMX,170229
ADVTZOJDRLXRUEGCCUZCSQCDYYVAUUAQLXIW,313793
ADVTMKNEUQEKQMGVISTXFHWCSMIZOUQMLOFP,403066
ADVTJKMGMBFZOKAEXFOMLTFVFFEDPBMMOUUW,784847
ADVTKXTDDDTGQVATTAUEZIJYNHTQAXZFTUNB,790968
ADVTLVPEBZSDRXQEWFPHHAKRASSCKMSVSUDW,485494
ADVTKCLEAPQHAFZITFXGDEVOKITNVAOWBNFN,444764
ADVTEBVRDAUFFYYMTAIHTHIDXMNSRMOYRUCW,799911
ADVTAOZWSTMTBDETCGDIBEMHSEMJGJMURUSP,198263
ADVTXCPHCIWDJIJMRBFWEZUJHYYSDBMLBYCA,142659
ADVTLBMBRQUXYDFSNNCYTRXWMAKMMPWHMJOS,52661
ADVTZVTPQVJQVEBOHLIPDMXLDPHZIEPRBYPB,617617
ADVTZYFDKNUECGFSWIBPROUVHXZMZKWVWANQ,660396
ADVTVAFQGLJCVAHXJSRJKLSBKDFONXOFJJSR,462498
ADVTNGQKHCQCDZJDFFHEOUBPCZSVZQAWSEJV,950371
ADVTHQZRYHIKRNNEQYUOCRDFIOCOSDORBXHN,797166
ADVTLWCPFIKVKQVZIUNTLAILPFUQBPSLYLHX,800683
ADVTNTREBJDFOXHYHZKYOZJHILHZJESTZTKS,969832
ADVTIAXRAFKXNDJBPDIQSJEUFKDSLFSTAGRK,202664
ADVTMMQRSUZLBAKNQQTQUATTBYYQHABBNFJF,957541
ADVTCDJFRDSTRLVQZOCBRMGTTHWJIZTUZPXB,39546
ADVTLZNJCEMYMNJOVCFXMGCNMAUPNDXKHCBH,46734
ADVTUCECVJRKYPOOSIKUJHZCAZLFQGNGJBBY,78275
ADVTEBGNYTGWMQBEIDDEBWROPLADFUSPCWIE,89437
ADVTVNWYUJWUMKEEUKGCAZJYUASXDOEFMSWA,464407
ADVTHZQPOYJJMEGMSVYYNPWMWMVGCKAAMQEH,145701
ADVTKXFQQCJPXJMOHJDFASKTTGQUHHEMJUAR,693211
ADVTARTPXAMLEVDHTESJVPXOOPHKGVIDHNEM,253339
ADVTTUBQXRGTBGNZOPAPMPGQGDPFIHBBAEHK,993357
ADVTHFAHSITENMXHEUMFNYVXDJWKOCYFFRZG,742676
ADVTLQELJRPWTEHHLAOIRGMQWDJQBDPQPISL,208892
ADVTKTYZNTJLGSNYJSUBBOUXFGSYJHLZGTTZ,800468
ADVTXQNTGFVQCVTLVBDKNZHSOSNJTJKEYSXK,834019
ADVTNBYCURORQPAMYBQSEPWSWIKWDYVSLFVJ,46299
ADVTVLBOUXTPBTXODWPHHGQXPCESBQDPMNBO,784083
ADVTPYCJOOYETBQKVGCAHSUVXMYBUTJHFRNX,65684
ADVTANSTQMOLUVJFESPTRRWZFAVRSELHDHNW,580810
ADVTFGVFOOUOATTUOGTBAGLPNWHBYZQHZACF,54031
ADVTNDWUGFDYMGHSTDNMUJTQSDMZSOHMEWZK,650747
ADVTMOSSGRTDNIOMFNFUNRBNVUDBHCJDAOVU,238874
ADVTOKZTLUFLHXFTYSKGLIVOHTWTYXMFTEQQ,527203
ADVTFZVLRJJIMSTUMFNTYNDJBDENJHGPGPRB,32560
ADVTBEJVZLURTXGGPWFJVMNXAPZPEEFQABJR,832499
ADVTVZYZTNROPUOLCIFNAXTPLFATSWDCETIG,563142
ADVTUYNSCBHKDNSPZKWIQADSSHYSQNGZOREI,219003
ADVTQCLXDFOCNJZHZMQITPXLJEPIWIBGCLNT,468001
ADVTBSMCFIMCVVMXQERMIIWGQVFEKTZFYIDE,859417
ADVTZHRRSCQTZBCLJRMZGEPVSWYDFWCSGBTP,456780
ADVTACUXLSRQQCEAZBMLQKPBEAUOBYTIWKQN,256225
ADVTNFBXCLHFWZKFLWQXANMBNBTPJQJOWWOZ,407893
ADVTLBOMIEIXBIVUUDNCDXUNUFSKPXRDTNBB,71667
ADVTOCXMCKMFYQOSWRPSUJDGCBFSNWDUVHAQ,591643
ADVTEGKCFHHUYBJPJKECWOYEYJKEYVDGEANN,268978
ADVTQMLPPIGFYMPPAVSXXVTMVOWNIIDREHEH,417828
ADVTFOEXCAVESBVOUTSOPRXDOSIHOXSWPFHN,797164
ADVTFQDKMKWRXHYHXSFPZQZOZCUYNKTEGAPB,827364
ADVTQHPNCJAKRQTREYZKAUPYWNHDHFJYFERT,292154
ADVTVHGSXKVWGZNODNSMOREFEPFFEXKKWJQC,188214
ADVTULLLQHRXZHGVGRQCWAOLEKWZRDIWUUYE,365284
ADVTGVXOMHUSNVCDJYENHKOODLLCVAVFKAMO,803108
ADVTAELTHBXTHQFVSXRDFMUVUIYRQVYZXZMS,731009
ADVTJSEVOEEWCCNVTIMMEKRPBYFZHXVZNGHD,65015
ADVTALMNXUVSMZNHBYVNLWSMIVVKBOOSWBJN,990174
ADVTYHOBWDODNWMUQLUSFHTPGTZAZJDFVGXB,212334
ADVTEGRLNALUNUZAOXDVASMVNFJAFWCRKYGG,547755
ADVTWUEDBHGVMPAJOCACGQLUQDIXSJGZDLPP,537916
ADVTAJPQOGVUQESLUHSVMXJDIHPXDIZZYJTN,29764
ADVTNFGREMSPKCYLLAKZDVQQSKIYQCKLMVCM,273056
ADVTTEYVHJRSGRLJJOVZTLBBONVZYKBMXDBH,987911
ADVTLKHQVDPFQEECZVBGQMAAQRHTKYTXADZO,889237
ADVTMKMJGUTPVNGVCXFLLJDYUVXWBSDMQOZV,465423
ADVTEBXFCWQTSEXIELGBBTXNLPQMHSMNYNTJ,408407
ADVTIRAWENIUBKMNQFLAWKNSUKBCLURUJUQD,855209
ADVTPGLHDNQFBSYFUJJWFTQQWFJTXJFUEATA,941405
ADVTFYNVOTKSNTXPNIEOQAMTCHRFQVLRRIUO,889133
ADVTPJVSYLLMEJNALBYGAYRAZHONAIHSVYWB,664291
ADVTSHNGFBJHZMESGHJWUPNECNHYDDOPRIJN,885824
ADVTQVDHTAHVSBNNQHLLWYQTASKVHZLWKJEY,562676
ADVTOYRPZLIIVIIIZUQNTZJFBOKPWSCZOCZP,471042
ADVTCHHKTGNJHTWOIWMQNJILUYOUHCLHBQMD,889404
ADVTTYYJNCPVKGBHJXCVEFHCXTQLLDTACOPV,579239
ADVTNIDWJWPSXUYHGYZCIJWERYNHAALYDODK,628805
ADVTRRMZHPMPNTEWEIFEGECDRZLLRWDRBBTP,810903
ADVTBLKEHEVIUJYAWCINFCICSYAHPMGXCNSI,707317
ADVTWQPIGJHIKJPMXYDBUPCQEQDQIFIEQNFB,412968
ADVTBMARHELSTDUCLLXNYFSISVLLJDEVWXPH,801739
ADVTMKFAKZDWECVZNGACZDOOCCQVZEYZISWK,251287
ADVTFDYVEIRBFWFBMPEYQUSKPYPZPRYXBVIT,506360
ADVTQUWFYRLOZYSEXJOBYKHWOBMBEDYRYCKT,438963
ADVTRXTHSXOJDVNVPWETLUTWDYRUVBVFCIXE,534599
ADVTPXNNETEDEGDPPMIYSFELMJIMOZJQHVLZ,993535
ADVTIVKMHQFLRCDKNDRFMQMUZQANJIOPMMVY,67707
ADVTKVWHYYZZEJBMIPGARBHSTGRISYEAWUYH,746790
ADVTVWBAPKXAPQURTPZXFSDTUJNARXXWWFID,406190
ADVTVPXIGFQVCRTJQPZNCYTXMIEYYUNFLWZD,451390
ADVTGVMJCDROIEGKZTLEINSXLRKAGZYLQMWT,86278
ADVTRQMLYSLSPASGXMFPIYRSOUAHTXWMVWNM,592322
ADVTTWVVQAAYYTGGJEOWFXULSTAEYJYDTWMZ,959589
ADVTVKCQXXTTLEFKNCUCWIHNQOOQUKEKWCOP,159025
ADVTAWBUMOXXKISVWTBFZMDLQNQQVHAGYAND,95540
ADVTHJMCMWHDLYZESIKVEEDRHLQHUXTPLITX,817990
ADVTBOGXUNTTCOXOQSHSJZQMWIGAMQHKVGJY,829871
ADVTIDVTDVVSBWDRWRZZSRTRHYAEYMNUDQLJ,506421
ADVTITFPJNVYVNQBDWLUTOTOYUBHQTPIWYLK,281822
ADVTUZFLWZCJKQUBWDDYCWTJICZIKEIHWZUN,984704
ADVTEBQFVXWBIGITPMXKZAKGHFZIEOAIRPPT,616454
ADVTYQJTAKPYDEVNMQRYRSSSODEYJQAPFBLB,683697
ADVTYKRAAWYDGQEKHXFKNWODGJGLHXNTDUQQ,693494
ADVTDTBZSEEDNQSAGZUTBFZAVXIIRDXBGDRK,903900
ADVTILLRWELVGAOKCICOJPDHUVJTYSXHQGRW,46375
ADVTJSSCCDQSJUJBTXUJJZYXXROHMJIEOJUL,767825
ADVTFQIBLPUCLJCMTWGXPIHYGABZTCAYAAKG,192750
ADVTBCOLSTAUWXRAPVZEVZISGJUXPRRUBMOB,535737
ADVTHQVTYBBMRNSZKQLYALYZDPLRSNYHQBMT,579105
ADVTWZIBRKHDTBIVVIPUYILDAHBGKCURWPAX,289994
ADVTVJIYHDYTNIJOGXOLQRCDRSCNYESKYYBF,304133
ADVTOXGSPLRCBIAYFVQTYXFLWFAOMKIVCJSU,168247
ADVTAGOQKMLXWGRHGSUAHRYPHHLVMSUVEBBH,491350
ADVTALBTVJDWRUPUQKZQSOVFLYYYQYFTMOGS,748523
ADVTTKXXKENRSJYAXYASGJKNRDKCCXCSDWHG,446067
ADVTAMXXABEMIUFWJSNTTEJHPUBGOPEQCJQV,151445
ADVTUQTQPKZZBBEBOZRFUVBOQAZEJGFFOFWA,910303
ADVTOJOERLTEZEGOUHQCCBHHVWDWJLLRCAPP,627008
ADVTGYRRQOMRHJVYUREMLIWRUPIFOWRTLXTP,398150
ADVTZIIEDCUFORBMYVVLSTFFLKSKJPINYLPW,291019
ADVTKJFTEWINXNGCOXEDRYPRVYDEDXIWDWXY,169822
ADVTWQENIMOVFWHLPIITASLMGKKINNLTFISY,678041
ADVTCDBZZRTTGQHLFXLTEHMKLYNLMMKJGKLD,24852
ADVTJHYDGDFUZUZVJJPFDIFRKMANJFNNMVGF,79915
ADVTTLILEGSAFXFICTZSITENCNZGFJITMTTN,440334
ADVTTRGHUECXIVEGCNSKGDWAOKYWNSMKDRCV,695750
ADVTIGJGIPYOTMABCSIOSEFOPBTQASUWVNVU,982323
ADVTDCOZIPKUNTJUMOWZZMFZMIHSXQZAISRH,187991
ADVTVLDOYBKQVGXCXFJDYSUOMOSGZNUEKNON,353644
ADVTWHJLIMKMQFABJGRSDBIOEAZUWZLRFHPO,749289
ADVTRMMUQSQQBTTBHPPVLUGIKSZTQXQWGICZ,999866
ADVTHDLDLNYVMOLGCZNJKXKRDUGPHPFVWORA,252557
ADVTEPWMEALFDICVMGNDPEHYNWKRUCBQRGDW,296463
ADVTNFUIVGVEMUYUEWVZELYWXHFUKLFVUJUO,743472
ADVTITWCFWNHRYFKBHFMCBLZJYNZOPUPNVOK,67146
ADVTKUQFEFGRGXDBKYRJMDZFOLXTNNPRVNBT,84124
ADVTBNCBUDEQVYTDGFHAJRJXDMBNLAXQFMPX,188428
ADVTPJKPYFCFDVIJBQPKQRMPWOFRFPPUXPUS,631221
ADVTPDGJYFOBSQGVCQISSMLNMLCIUCIDNWXU,867433
ADVTBRVUZRUWYACCXHGVXDGREXSPOSBIKJBI,390707
ADVTUCIDGGTZILDGTVRNCNZPHUDEIJISPPQS,428750
ADVTQLXFIANHHULJIGXBUDQIQCHYCKLNTYFD,920496
ADVTWIVPHKXEASUKEFTVCTRSJBBJGPCTUEFL,302308
ADVTIDVBZUHVTABDKEZYJRIPEOHRPBYRPMWI,654420
ADVTNXYJORKOUSQXSRAJFLOIRWGOEBDWOVLM,311779
ADVTHSIWIZONSMXGRWBBGUULUDADLVVAXKNZ,298024
ADVTCTWDCWRXILAKPCCCVIXTFRKCYHPUJVVE,417420
ADVTBGOUUSSLIWJILBKNDVGXAUHCBEVWYZSA,384428
ADVTRJJBNDDNFMHSVLWYTVUGXGCYBZORHSOR,728220
ADVTJMXRRCDHKJAAJDIGEJPGAJYWYOPGIKTV,442903
ADVTZYYUGIOWGEXUBKGWYVAGEPTVSSDMPTGQ,952947
ADVTPIJDDFAYKTCEFYYTFVLPYCYNIFKYOMEP,696153
ADVTAEGIMTILAYPWFOPOCMHDLORWRTRBEZFS,449678
ADVTQRKBWRJIGBTYWWDHTKKVBDQSIDTEBZFS,195578
ADVTVWCDOMVFCQDNDYPZBUGDPPCCKBAKRYWR,536053
ADVTUJMQMBHZSDGJGCYPYKRLOXZDCOELRJVU,880249
ADVTRHBPDERLKNGKFYAIYRQDVRRTDSBSRJNP,715604
ADVTGKWSESPPMIAMFWGQBRWBRNJUUKMWPEEL,465818
ADVTCGIEUAOFKYBIGBXLVSVETEILKXKPLGGZ,44133
ADVTGQHMDOLWGCRDMOMAIYRSWJONAAKNSPZU,47162
ADVTWQXBRYBSAHLPFRYGDQKZADWUIKLSVAZQ,407116
ADVTZMJILIYAZLZOVCUPKPLTFSUGMGLLQXRN,291361
ADVTAYAHYRBXQPFLJCEVKBPUBDKXOGFJXANR,892596
ADVTMZMTCNJBWFUWOZTDPNGVBNQPLMCKVOVR,384826
ADVTKRDPRPPQGHQDNPKWOHVPOIRZBARJWFXS,624777
ADVTWYBBGESDBRGZJIKIKHBYWSBHCDEOEEKD,355532
ADVTAACMYVZSIGAYGWNQUVTGYHOYTTMZTCOE,227239
ADVTNUNQINPBBBAMJKREGPBSWPUBCFBTWRPC,250236
ADVTOTBTPXYIOMUTJLSEWWXHAPKUNOSWGHTV,596991
ADVTOAYRHAWSHSKBGXZBVTDVTMIMKIPVQPRJ,530239
ADVTOCRCVYAOFYUBKCLHTVONEGNCRJFUGSRG,525123
ADVTFKMPQDVTCRORCSWKPNRALRKQSELPJBZF,416583
ADVTSAHLJJPEWJAKSQMKAIXGPNXNBBNBVSYF,272401
ADVTFYFYLHFRLTIISHUFKXIMEPJQKDWZZLGF,893298
ADVTASYDHKQIFCICPLDDAKYRLZZNDQJTHIHI,900245
ADVTABJNYYFKLFHWXFUMRPCTZHZYDMRAGQJK,607855
ADVTEQEVZPZODOVXNPIDPSIDAQBWQVLRDCYG,213892
ADVTIVOJPBHMDROGAIJFIBEUNOPOWSXNVXXE,384854
ADVTAUEXQRSUCEQEOHPGMSXPBMOTBAJJWYAB,1421
ADVTICADNIBBQAQTOODVTOSAREMLGWNJUGWO,886081
ADVTQHSWYBNOKEAQAMDDMWGXDZUCYFKKXMQG,482728
ADVTQVAMGOBRKLVTTSQNWDYAPSLQLJCSEUWY,263096
ADVTILOSBCMUNRFTCHKAAYWLOADBHDNSNNWF,344048
ADVTSRLMGBUEAPGLCKYFJXXMHTIRQWQWYIVW,832040
ADVTEUJZNAJYVPXGUAOCOUZKMHTJIEBGEVOI,102151
ADVTLVOPQSSIAYJRFFQXHZZOXKPKPLKIFAUZ,249723
ADVTTFLUHBYYRMBRYLLNJYHTBNGCXMLZXGCY,656654
ADVTMOQTKMRWUDKDTLDMJJMJLWEQDLYXZHOY,65062
ADVTUUQHVOERQPKGSRRKXCBTBWYFIVYEHNVQ,289635
ADVTGUFWVPKAXYJYWFKTEVGKJOEWTIFUGSFT,16519
ADVTDZLANKURFDNRRSCZJILSIDRIDIOEQCYC,788823
ADVTIFXOIIWNWNPOFETZIWGBUKQDZXFYARHS,313899
ADVTVALQQNXIBDWXRKHOQTHEXQGXZIJUMLIL,772366
ADVTMUWRTJVWORTGXYRHEFDVPLCXKGMBBQXC,713048
ADVTSQYQDGFODJIMQBXWKJCKQAJLYIKQKBCI,717756
ADVTYJMJLKJLNLLDIYWGSAOTAMAPPWZWKCCZ,322547
ADVTWCURKKLGZGTIELLPQHFLWARHQSQEVIRO,861400
ADVTAIXENIOPBLIXZJDSRPNORXEVDFQVEMMD,868916
ADVTIYXVOYVMPRZZNMKATBZJCLKIYEWOHITO,95292
ADVTAOBPEYIPGFAVVNADKSPEBOHFUXQFYKTQ,578518
ADVTJZWOSFTOGGQSSDWZCNDGFLKDCOWMCPFN,201322
ADVTMLACSBULAUBKPJRQOELZLVBALQXBWKOO,431531
ADVTPBWHLBOGXFLUAXOSKMOBGQZXWBKYYFOG,712326
ADVTJJBBGPDBQLKZUTFPVZPGZIMSWOLCXTEK,890085
ADVTJENXOIGCZJHTHNPNHTGCJMMGYSSUORGY,772443
ADVTZVNZGXJTHBLUGBFHEDEESHSEYLRYUZNH,31920
ADVTUSNCDWTWIHGKDWVWKMFWAFIGIYGCQJZD,624296
ADVTCLTRSRSQLWMQYUVIGNLWQMJCIWFTBFMV,530591
ADVTGOAYGEDHTKSSMGNDIPHYOJUETAGZKYSE,112900
ADVTWVWLUTNVOMFVKXURRIKYWPMUFFBIPHXX,809448
ADVTZDAJKZAFRMRVBSQWAOHSQTHJITWOADHV,827436
ADVTPLTLEMTECRNLTVTOOYZSJBMSSJFLLQXH,479148
ADVTPLZZKJTSKGBDVAPBCWBVBHZNJJHOJQHE,188596
ADVTRKLMNSKHELMCYFAHDHHSTZHLEZAIMCKX,390603
ADVTMFXLYNDTSEVUJVZRXEQDXZDGMJJJPZCW,524605
ADVTKOVYZYBOESXZBPCKRDDIVWIJRCHRJVAY,830237
ADVTKKQDBFGZHLNJQDDEAODPPHKQWSBYZBRK,517557
ADVTVFDXVADIUONQMEXMSCRBRBIQJBKZQUWQ,191510
ADVTQUBLDRPRPPCUARYFZMUYHJDMANORQGDI,933315
ADVTEBEIMAOGIOFXDNMBUTLFUVACABJVLIKO,462162
ADVTQXFDMLCICFOJFYLYBABKLQCALGQHBQVS,21425
ADVTOLVFZLXOQFCQUOPPPRKDFYGBGAZNZWKN,336034
ADVTZUDNJIKLOWUAYPXMKIXOOTBCGQDWJTVO,798591
ADVTQDWISUQNLCUQANUEHYDXFVWCVTVVOIRK,772844
ADVTBKJQYYHFJLBHHWZQSERJUETQVTNMABIJ,833572
ADVTQIQMFPZSHPNEBQJKNIDXPBILHKPQLDNA,449519
ADVTWJDLTWJGSMRYVAEHKHXYIERWBYWXGVMY,7979
ADVTPOIILOXQMFBOPUTEVWDWXUAIHASPGAPG,943335
ADVTXOTZMNCRANEUSQRSIYZNPOVVIJCEVOVW,505441
ADVTPUZAXTRHFXJMKJGIPJIDYFHVJUYRDPME,5848
ADVTGFKHVJJYGUSRJIQBMECJSLGFJIJMBJEA,776525
ADVTRLABYNMRWHWCCCOUBZFFRTCMKIDIUYIF,854397
ADVTYJDGLELGQIYBVPBMOVEENKWARPGCZDBI,583785
ADVTQMSAPYFSWEBHHTHUOHQTINRJKKZOLDTB,49979
ADVTVELXQKRSDQKNJSLSBSXNQXUVHWMDDMGW,141329
ADVTQRHGMKQJRUHRRFVRUSQYOEHYSGESEOJX,688852
ADVTJAAWATTXYDLXYRROADYAPHLHBOMRCZWY,569500
ADVTRJPFBVWOPSULXGGUTKXWWCFGRQYODGKS,435762
ADVTRKXIKNFZZEZXDWGDMXHZVIIBJPZMOVXL,774095
ADVTBNOEOYTAWKIPTLASWAWZHBELNZRUVLAR,333053
ADVTKZZQMUXPAKUTLWBEFYJSNDDIMOKMBMYW,433729
ADVTXYVGQJJUCMNUNFXECMZAHYNDHMWHDWKD,863793
ADVTCXGXVMNELMHTGXMJGZRYIXEEUVHJNBFD,495992
ADVTCSPEXUHFNVWMWGVTSVLUXGUPMKLDGQKU,189839
ADVTAEKZOWUDWNYMJSIUYNFMGLLHHUTTUHNB,987030
ADVTMDKWNUUFSGEEHEZWDZKBDLZFRYZNKQEM,870942
ADVTQIGGGVWEFRBOPOCOKNJECWVNAHXNPGTW,179305
ADVTCHHNMQOVIHIUQWSGAVVPTDSUAALTFMSP,103068
ADVTBASCTBNMEGGGAMTWOTRISUDCOWLJUSOM,805135
ADVTNPCFUMMFCUSDWAFTMFKEMPVIINNJNWTR,211612
ADVTVELLJZQZTXYKTPTNLZWYDSYSISPCNRQI,104150
ADVTGDKSGZLPXRFNWGUXNUGNUANEBSBHPFUF,318332
ADVTHLODHLEOZUHAVOYSAFIMMCQDPWBXNYSU,364900
ADVTOTUFVTQCLADNDWGRBFFGRWBNKIHXPZBR,423772
ADVTWTTDCZSESOZVUFGVQZCVRJPWXDRZPTUD,280864
ADVTSUVHGZYHYCSBGOERDSUNKXYBJTDUSHMR,574482
ADVTKASPRWKUNSPKMJINDDDFVVJTNHCKUPNV,438675
ADVTIMZAQGWXWDVAIGQVJLFAKRTALQHDIDGR,184743
ADVTDVZXAXLGEAEOGGSUNBIWJPCXROTZZSSW,421029
ADVTGPNAVAOARRMTHHPPDJJRMHBNAITUKKOR,770314
ADVTCNGEVCBZQNMCIDRGVZQSFJSWLZDYHBOM,76172
ADVTYPEXITTLDGMYTERNIXMFMPCRIQCQBQBA,65360
ADVTYDIRQVOYZWZBZLGJCNNTJRVVVYFRXJEF,574511
ADVTLZQMBOVIKCGPHHHDLDCMHCHVQGYEUTOY,873617
ADVTDGIWQJIONRBUKUHBAAAXZOCLLGTZPOCC,127257
ADVTGCTTNQWYJYNUELJRVDJMBCXOYRINDBTM,502903
ADVTRQCODIOJPSFDFXJYIRMTVRKGZEJWDIBK,653337
ADVTSDNXBQGDTHPTFXXZWYGJALNFHLQNMFNY,253806
ADVTNSGTDKJJIDMZQWZYSFDWACGDYIIOLRKK,619109
ADVTOENURKLCXRQVMMPBWAHZBFIOAAFXDNPO,336789
ADVTHXQWMKWKAAXEOZPQHPMWFZFDKCEAUHSL,570800
ADVTETWUHIKNBLEYBDYTOROGCTNIDNAVGKXN,581840
ADVTFLDXSVJUJPEWWZGVIOAKXPMSRJAXNPLB,500032
ADVTVCDXEZYVAUYIQYZELSLJRZASPUURKYOX,389193
ADVTEXJVPHIFVAHCXNEIDAGPWSEQHAQONCSO,145834
ADVTENVXKDKNDULTFYVPBYQLDQNUGOUCGAUP,853805
ADVTJTXTZNTUZHWSPEPTIZPGCGDFXPUHHYWD,341286
ADVTFQPUGXSUNCCPSDISVNRQJKZQPZWNKDKH,678323
ADVTQONYCAEKWDBUAIQJMLONLIWEYJWQPYMZ,855411
ADVTNXQURCSLUUXAKGSPCQGZAECVWQWJEVWF,317171
ADVTISQOBPZJTVVRFENJKRITSISLTMNCLISC,989795
ADVTYWZNQHCEQWXBROFMUPUOGWSHACFNKRGW,297774
ADVTWRDLHFDWIJMGVNQIMRXYENFVUSKBYBPF,472635
ADVTJRVFDAFRKLUHDAPEGWPOGNAPCXORISSU,74301
ADVTTFKCHGRGSTJZKWEYLKVZYIKNCCFNKCGD,206532
ADVTYNGKSAQVCOKIPRKUQAXRAKAVTSSEXENN,567703
ADVTVTQRYFHRZPRBYSLFGWXJVNDCDBKPHONE,416526
ADVTVEIDUMHJVGYMIEQUGSFTTGWCUFYSYOIP,512299
ADVTVCUODJQPCOZWXVGKCABFLQUDSMWHCMUV,257858
ADVTZNXADDCNONHVUHJWGRVUTIOBUQKPVIJN,289929
ADVTNTIONJGLFSZQQIUXRCNMDNCPPSLZEGPU,113242
ADVTQDQOOWAMGSVWAXTOCDKNQGNVLGZZCZXW,141727
ADVTOSAAUKRETEGLSPTGRQFSFBSMZSLNXOWF,67536
ADVTHSZGIAMOUWYBCYRAUAMVAIWLGVIIOVZZ,64942
ADVTTQVAJCPICEWAQOKKTRLNXSKVNUJVCXEX,38955
ADVTONYLLCXBYKQLUPBUYEUEOMZJYVSOYLUH,352548
ADVTKOUIJYHCAENJQZNJYCMRCZBSPQDBKSIR,579288
ADVTUYJNRUWFIPCLOTERNQPJAQGWGNXTCNWF,692836
ADVTOMEFXWKNFLYGRTYJWKYXXQSELWBZHTOO,572513
ADVTZSPSDECCIYIMUQTHAFMPJYLDAPUZHXAM,445854
ADVTWZMLWFIOGRGBKSGZWLYIYLFEUQIDSVSG,346952
ADVTILXRWLOPFRCIIDUEAUNARAUSYCLWNMTK,260444
ADVTURBWUHLQWSUGXQUAZBSRXAWKMOZGSTGS,201751
ADVTPXSHVIDRXRFUAVHPBBTKTUTBJLCAFBQP,495684
ADVTXLJAJVHSXQSLVSSWZNJWKRWLAGSFVYMU,870035
ADVTJHXJLKGCGVIDZIWSXFVBETZXZUFQWQMJ,666411
ADVTBKNYBZAWFBARCNDCEDOHBXQNPXZLDUVY,675559
ADVTKREVXKLESCIYLSFGEEIJTUVGYGCUGKEP,816934
ADVTDJNJYGTHVTZAPMDIJAUOJAPXHZLIRDUH,509881
ADVTQLHYTTTZNVQIZSRDGETSNEQKXLNVANKU,188664
ADVTOPYLZWHCOLTDOWTAVPDKRUVBUZVFTOKL,112230
ADVTWWPYHBYDJZNUTSINGXZJGJRPOFTNADDB,23084
ADVTJSRWEVNJEDWNMDRHZXXJDCNARBQVFVUO,994328
ADVTIUEYQFKVSBJTNTMYYSLNNLXKZQYAILFI,45902
ADVTOYPEBLAWXFVROZATSJLQOZQUENTRPHBO,451337
ADVTVCYJPSVCDMFWRNSLVQAPPVLVUOLFHQKZ,74993
ADVTREDNKLLTUGJMPDXSJRIMCPYXKDZGSGBO,949880
ADVTJIIXGOBXYFQHGRFQCTCMDRFOIFAZCOYN,647589
ADVTUUYOBHYKMLSTKMZIONWAZXYVQYSJHWJD,937139
ADVTVWRZEMOLFALGDYFXHPLIUXESCICYTVVM,428550
ADVTOJBBFJOUDXSVSSYDGACCPPLWHHNLLTAP,869636
ADVTQBKBWTFJGDJRZKKDVOGXHAJJQQYPMBQN,944847
ADVTNXDBAXZDGFQQUOXVNEZNWYAJVTDDHMNA,942058
ADVTPCRHDSYDDJJQXMFOGOBNRKKDDAZPPWCN,717995
ADVTVQWDVRZWYKCWTWAURMWCHFGRPRCEIKYX,605568
ADVTQYLJZAXUCJVUSNXWAIQKTPYHIABJRRHV,954442
ADVTNLKWPGWRUSIUHGTHCNGJEPRGSGHVZNGL,678226
ADVTKJOTYLENRBYKWYZFCTMQZBWXLZMNKYMI,605487
ADVTKSYXEBHWUHTENVRNZZRDCVPMBOSHKPKG,235365
ADVTHELYGNQPCXOLGMCZKYUBERTPYRMIVCPV,375473
ADVTSEOCEZQGRTNVNXKVLZSZXOPRFTNDDJVO,973569
ADVTEEUUDPOTMBLDLZFJGERXKTDEIMZKHCCM,244480
ADVTGGYLPUAXWEYKOVYZTBAYJOWKDKJQCQHM,300371
ADVTQKNUDUUOOVGIXNUGXAEIYJXZUJYNAMHI,183597
ADVTIMHPRBCJWTPRXTDOCPWHOYHWFESHOXZO,668185
ADVTUEDVPQIWNWRQJRPXFNGUXJORXXEAEXVN,210874
ADVTNUVZNNYLYPKTKYZVOCPHTAJKMJMAJPBX,572253
ADVTTLUNKHNBIKASAKNWLMNOEOJQPFJRCBKN,674566
ADVTLXQJHQNYODJSSWICWJECLPVHNZAVIDUG,351465
ADVTXBUZSOTMMECRVNNIVTTBYDVGRIHEFAMK,634273
ADVTEHBRMAVMTYEKHPVKSOUAEQBLDGYOXTNM,750135
ADVTMZTMZECUVNIORHEAOAJSNDSEEDCQHPVN,781151
ADVTOVGIRMMYIGQQLCKTABSZLSWVKYYNBKNY,905003
ADVTAODWISALWMRBBPOXOEYIRBYXZZCIQDIK,155675
ADVTHZBPDMSLWBUOPLGJNXSYZUGABESXYNZK,121236
ADVTIDWTUIFDXTBDYMRFCSDFDKXRAOYLYMYX,430743
ADVTKUBNUPVYFCPWJUXYEXJVYWKNAQLNIXEV,916969
ADVTRLJJGQEFIVSZBEIVZLGOLALCNNZYKOTZ,596829
ADVTSGMNSNEKEWPFZGCRGCDVLRXXMMKGHOWT,869220
ADVTLPBUCJNTQOWBEOZABARGQUFOTANAKVHV,677698
ADVTMIPBLKOHZCLKDAXJCFSZNOKVIXAHZGFX,634685
ADVTONGHEKVOCCGHQZTTULGTFXIIZOLIQXDW,275419
ADVTIKPDBKJVMZZZCTUUYQIRRKZLPYNUSIYO,844352
ADVTHGBABDYPTPFNLHGSUMZNWHDYSMELPVLS,820555
ADVTQXSTHMPJOYHCXBTBYDDJCCEPUGPEQCZS,367780
ADVTFBRXHUKSEACDHBHHATKHAEBEPRRWPNGJ,673455
ADVTYTFCKLDOAIDWNPNBOQZCZTDJGZDIMVER,487644
ADVTJUKSKIQLXLALMZLPOVBUDLWZUXEWPYKO,966072
ADVTXESHXFUOFNMTGTMAVCYQEZTFZNFZSHCN,955735
ADVTHGDLVLRCPFJJKFLJFAMWRPLFRCVWWCCM,429626
ADVTYUQWGIRYCUCBKICJBVHEQULNUOSLOISM,369504
ADVTPTFYOYGSHRJGPMKCJLHEZOSTWRPWZTDR,766661
ADVTAAHLHVRRXCHQYYGXYHZWCXVQFCBKLXOW,470113
ADVTHPHKHRYIJJNRSTTHSVATLMOANMDFAJMX,493848
ADVTXIQZYEFBSKIRKXFWWZPYOCDPPJSWWWIC,580295
ADVTFOBJPTRHIBYSJWJSGFITXTPTDWRPHDLU,58627
ADVTWLBXMIQXDKNIUZAVXGZGMNLTLWBBPOAY,390182
ADVTKEJRPYOVDZWDGSQACRUDZBOCRLZLRDTX,747489
ADVTGBXONNGCEYDFCQTVCICCYKFDQFBGVCYN,123385
ADVTCZLGCSXKABZDVSKBKOJMSUMXVQHBDPWN,121624
ADVTICAYJRCAFCLHPKDBSTZXVXFEPHYQXMRI,560507
ADVTNVTRMQTWIGOCAPEDXFQTLCJBEECZUKHR,35014
ADVTJZCPXKZQDVMUKZNQPFPYQAAIMUUZSMWE,784188
ADVTGTBEYZSUZEOGMKYJITJNUQFFPLTCALJX,102334
ADVTFUBXKCAIKALTLZXQIPGSCUSBXGTAKROQ,57130
ADVTCGBEFQFNKRLNWTEVATCVRSTZKQEIDPQB,606953
ADVTUZUOPRCXOJQPVCZDVVLAWYDPGOGVHBPX,390017
ADVTWLQGGCWHVPXCIXILYNXTIDLJUXZQXCYO,618128
ADVTGFNMENFVCIWOABWOKDSWFXHQIAXPCJUA,379674
ADVTVTDDPGJQRKIIYILXRCZYYXCTZOTVJUAZ,866187
ADVTHBDWCRYLHGAEEECRYHYQOTHXSRIRTXXM,981004
ADVTIKTMNDBREXLUYXSPWUKIZSGPYQPNIDMW,12719
ADVTWTWJXZQNPLLGPEBTLGMWLJZNGNKSYCWA,925541
ADVTAMRZVTMQADGIXYICMMTUAKWLBFKPTZNI,649311
ADVTJJXTVPXBKZDLGAANSSSVWVJMEFXAWQHI,434196
ADVTOBSFVRRAFZKWBAZNEYHDKVLEVIIPPTFK,275430
ADVTEKHXOESFYKOOBYLLGDSGHKYUTYBJNXJM,316880
ADVTDAEIVJUCZBHZZCPDOFCEFPSXQKIURTXJ,311903
ADVTUYWBSKVYTIQDNBRJNVIBKQUBLWDJLQXJ,687903
ADVTCCKEWVXQVNIVDHVIFURGCDYGGUHCIJVZ,444734
ADVTLDTSRTSWQXUSMWDOWXGBCGPPOMJLCLTA,656901
ADVTWSHBBERCZAIWLIVYBPCDGJQMCAQSNOSD,63382
ADVTLMMAPOYUXTWJUBCKZLEGCDHSVVFSMIBM,174572
ADVTJTLHZODSAGOVGNMUUXLJXGZRXHGPLGEX,15952
ADVTPRACCBUTGMYWGOEUKNXIWILKPXDKWTKD,192497
ADVTUMKEHDTOYWFKSXRZNYCSSKBRMRIKLTQN,974250
ADVTZSDTYCEIOJGZGSSMGKKVPSQEULMUMOAL,605187
ADVTWHSXTQJBTMTGQXISEUSJOTKCGFBYVOHW,204193
ADVTOEUOUVWKWWKUVXSPQJJBYYFXPVXFTTMA,282784
ADVTNBSPQCVDDKFLQMGWDCBFFGEBQDVJHIGW,836467
ADVTDJJOYMQZBFXHSKPWHWCMMTGVTJXUVHAY,915054
ADVTTKSWDENDGHYJFCQWWVPYGDOIVFLWRBHZ,999149
ADVTBXUXEFHEALFIDTMVYNIOKFEDDVXQEKAD,360465
ADVTSVRACEHOVJHIGCOYILXGACZFHMSSPJZP,969307
ADVTPEWOHOCNZLVMIBQLNZIIGCWWGXEWKUSB,278964
ADVTZNWQZFGXTQKTXBSHPCJNNAJENAZGRHGY,968094
ADVTXLCNHNRGDUNZCDUZQYTZFFYPAEWFOQTW,641654
ADVTXQNXLPUXFRVHGFMDKRKHPJFEBUMYLNGR,86182
ADVTCALRRTBTRMTYMRTMFHOKRIVAUZZTMYNB,175800
ADVTJKQCVWHJHACNFTBYTFCWJXCKLSFHPXWN,506341
ADVTOHPFTZRZFKJMJDVPWNFLGKITTCRZUGXN,353900
ADVTQTGTIHHECSCAKPOIZIZINZMURYTSWGNW,722447
ADVTJWBBZQWQRHLRFKESCCJHAHOQFDOCOBMR,168684
ADVTVIFXOAEFAWZLSZUOEQZQNTGCCGDUYCGK,760926
ADVTUNZBJELHGWYTKNXPBZJARHAYQZWSGTRI,690773
ADVTYRWKMBWWJEWXMTFCUZXCGKWRYMDLRCMM,477795
ADVTIXXAKETDGMNPEQSIZHSQLYWEULUBYKSK,966115
ADVTKGGONJCAPUELHDRXKKLXSZMYNFOUPRUH,989758
ADVTLDDFOUDOELXRRTRCCGRHHXGIIGKCZBMO,500048
ADVTZWNWBWPKBXPPXXDGEXZVCYDGGRSHVQRV,558577
ADVTKPKBGMFUNTLLCCOXDEPVNFTAIXAZFZVI,586037
ADVTNYEFTFGHDZUSGUAAGEVYOMDPOMGGVJKE,160485
ADVTVPOJQNBNBQNCLURGJYENVIIKNREUDFND,353900
ADVTHJJRQUFUKPVPJJIKPNWINDFUVIYLQWRY,948712
ADVTEDBNEJGTBDQXONNSWRXHPULSQNXUMVMI,476124
ADVTEUTCAQUWYUDGEUJLLIPJSQEIFWZQYDMG,128694
ADVTPKKXEGMJHWCSFFKFNIDTZFDJKSQSXPFZ,780926
ADVTFWCPPCQWTMOJVMGNQEXHUCIZCIBJSGXF,590711
ADVTPUHPHBZWQHVIWBWDZKWBBUNDTCEZFAKE,718016
ADVTYZCTSMVPOVFZKNWFXFSKSVYHYFBYXIRO,376542
ADVTSBFMGWXNHTFNSDJFPQFLHTAIBXEICUSY,535112
ADVTUAHUQJQNHXIWVESBQAUECDHYNSSSGCFL,345625
ADVTRKFRJTBAXMFEJNMCZMQDAIYBBAXFVUCI,864084
ADVTZXIWUHAJPZMWUHIPVNYPQEWCXTXBWXZB,832954
ADVTAXHIJVOIHYDPJCZJKJTDMRDRFMDNSEWY,61177
ADVTCTOZKQWCJGYOIXSHOORXMMTWAUHUVABI,644170
ADVTKIRMEFZLOWGAMNHZJSBXELWZXGPNLTXL,324268
ADVTEUCOKHIPZSOAFCQPNSIGPYSYONTYPKAA,379792
ADVTUQRZVNSUIFGJCQYYNTBBOKARXKDQLKSA,498443
ADVTXMRKBPMQHVLWPMTIVTAHUDULOKBJCKVU,381693
ADVTMCYUKHUKNADCKDTDOUEMGBOQJVUWRGRJ,84808
ADVTHAAVJMCPWGDWBXLZCBOBQSSWFEOIHLLF,129662
ADVTOCIVCWRTRVJRGCMHOMCKFFOZZNFQDLTF,563590
ADVTFIGJEUGIFJRWCUTYFHXBAZADDKJILEPX,119871
ADVTQKXOSNAGCRLYYWNQZAROBVMJYBJBIQZJ,307059
ADVTVMUZCGXDWIUZTSAUPODAMXUQBYEFERTR,946235
ADVTIBWWEMKEPVOYPZNVUNGPDDCNNKVQDBCY,303660
ADVTTFRVOZJKHCXXJMWSDTULXENDJIKWNAWV,167871
ADVTBKZKUVKOTUBLREDUMFNJGLBCKANZYSMX,138151
ADVTEMBCJJMHYIXUZRZZZOKURJEAJPJCJTEZ,825300
ADVTEKAUUORFOGFLDAPCCDOGEXHSKDJQXKWM,965309
ADVTXPFRAFBPIJVZXBZYIUMJINAIHZZVJJRB,564185
ADVTFGLSDXMKJBNPBPIDLXMIECXTRPCUWPKH,592789
ADVTQJOAEFBZKBVKVBOYSEVYQGUFMRQFKMYM,243195
ADVTKPTUOLPCWCBMDVGLYUMXDAFLZMCQLZPL,847841
ADVTCNWXXJZFIEBMFKRLGGUSIVECCRZQVBQM,353954
ADVTQGYEERHJGLRTWMSXAVGBLGJBPEQPZWXF,460307
ADVTDUVXEWJVSCYCZAWHKCQZXLZSIRSOPMYR,473305
ADVTHUWZYHSSSOKKUHQABZTUYBVSJBXCZPSO,631415
ADVTOSWLJFKIZINWMSRJUHJPLWQIYMUBAKHS,837358
ADVTFBGCXVFNDZTJFAGELREYPOXQTOQUHVAL,936592
ADVTVHCIKXMGGYESKYLKHFXXOXFXOUHRRZYC,17155
ADVTQTAKTEFQZZWSBITWDYUALTYAMVWXMOLF,936355
ADVTTNJWGCBOINCMLXBJCOITPUSNNZOGBQCJ,279231
ADVTXJRLBGJTZXUWEPYPOZPENWUWJNVTGFLL,323448
ADVTSJFAPQSDEPQNLCTGZTRJMBQQQTFXDJRA,610166
ADVTYQNAIOJNTIRBAHBNKXTYDHVHTYLUQOIO,378531
ADVTJVHJMJMSTJIRNYGSSOGLWVSXYLHBJRIG,720849
ADVTXECCQQVXWXQVMOWSIUJOIBIPKULBQLLL,469219
ADVTFDIKBHRVTGXMAKZVVEWLHNSFWXRUZTRR,733809
ADVTLGRKXZDUFBGYTUDHNMQQGVTDIOEVFWWS,146566
ADVTPQDHTNFYGRELQLFKXXSUQCCXTFJZPQQM,616
ADVTZAEAZLWDXVADSQHPAWSOONURHSAXZDCH,11311
ADVTCBKCROKBLIHNHKOAJDQDTIRESXMHAUPH,510045
ADVTWFQFGDYHQZAOFTUVTZTLTXTZLOHKPHZU,647134
ADVTKMJCQWTOIGFXSAKRNZCWIHQUGKQLEAWP,712094
ADVTBLAMCJKXOKBFFKPIEHCZKWDODWZFINBE,583244
ADVTEGFSLHUWDXFKQDSWIZBPEKQWRUJCBAQY,371190
ADVTXTRTWLTEJUNWZAVXCLOEQQYSGBTZJFWL,303883
ADVTLXVYIQKLCYTIULHTMPIYEGYFECWLCARR,92256
ADVTUMZUJJQAMICKIEVTQZHCIJKVNVBKVAYZ,95170
ADVTDIZERLSORJHVMSNHHXYOJGHUOPPEYQCG,507977
ADVTPKLCYXLKJTWVITPCENOFCAHNLJVMHBAW,404664
ADVTVYWEOXHJUIMUVIBGEPJDMDNQCARJNVEN,48121
ADVTWUMBWZLULHYKMLNPGVUDHSWEPVOAJKOX,284775
ADVTVKABYZSQJVENFVNKAHTWMGRASONFBPXX,927337
ADVTGGVQQXJPCQCAEICWLMCMVRCRHJZHBXHE,232498
ADVTCAOMWADETTLKQAMACZMAEEQQJMUGXUYX,893570
ADVTRHFXWPRDGAKTUOLKNMWIZVDFTZXYGEJA,174565
ADVTCOFPZHNVXTOZEHCHBPDGSZPQZGRVVGLP,307882
ADVTTCFQAQIVQJPQDNZSATLYKQIKDWEIVYRH,186541
ADVTTCRZFZGXKBOMEIROHHZZDTADBQJIJAQK,987928
ADVTCHPZJUWCSOBFOOISTBMWWCZQFGOLQPHD,731930
ADVTNDUZRRNKKZZYXCKSPSMUAUFEFSEIBQSZ,291147
ADVTGTNPEZBCPSZKDVOCMMTESZPYNEGVUOJX,781077
ADVTLDBPPDEOJFYJUXVKAWQHKXWEAOOOLTOZ,905449
ADVTUNGRVGOZWTQMKVALWNNVKRPEUWCAJCZJ,754059
ADVTXKFUDOVQNHTECJXEEVDDYALBFOSVKFXY,749580
ADVTGMFEJNTZMMGDGGOOTOMRKPCWETFVUOLF,730220
ADVTTQSKUYYIGYISBRQAFBEGVYYWVRYRXVYW,15797
ADVTDUCTDHDTIHDNGHACURZJFSZYLANLQJDU,867185
ADVTELBUDJTKBFGWPDGUZZTTQVAWKPEEENQF,869403
ADVTVDYKJYTVDHVAEHIRYVBTHASZGEZKERSI,703192
ADVTTSRJWQTEJFYLYYWZXSQRVLVLGAOLHJQG,806638
ADVTVCEDYVFFFYCTOWAFQHRLOOUWQBLNJFHS,53882
ADVTWAKOFCCCWASYKAXWSQTNARIWZRHUNHVZ,168646
ADVTTYPLWAKUFSBTXXLMGLVLEXYUSKZDHTBT,90304
ADVTDRIRYDRFFWOJMGRJIQTEPLFAHHIDRJBC,220849
ADVTPHJMTJTTJEZTGBEENEKNDYNXYNWKLQDI,849179
ADVTVHQJJXCRWKGCQNGXIJWITIMMWFWNNPKJ,94885
ADVTRZLAELIZBTYNLZPXOXXZPHWFMPFVQNZT,875466
ADVTXFNXFUHUPITYEIUZACVGDVYTOZNCAKSB,727655
ADVTNTHTICRZHIWZCDEEJRGFIWUYYCUZMMTG,588367
ADVTTOTBQLTWLVZYDOLTGZEKGTAIOLHHRHZX,339822
ADVTMMTOLIUSAIASPXFCJQSVEAAFGJNXYRXL,560276
ADVTVMAZIZXCNLEZHLOBRHAYLSQERHKYHGKW,676545
ADVTTQQGZECDSMTTRBXEMVGNWQRJDWVSRVZW,770603
ADVTXFSYDUOYSNMWIBLEUGVWZFQVIWXHVLMG,178995
ADVTNEBYOUQXLJKSZEYPYODARIYPWRYQGRKT,446550
ADVTAQUSEOQHJMUOPAFPUXBTRAUELCEOLMVX,584460
ADVTFFHVDFZOZNDCHQSECYNMYBANLNRINWQT,500637
ADVTNNTSWSZDFDXCXKLLPLWPTNUXQAUKLDXA,777783
ADVTSLCYNJDXYDHAKGTJZNGGGLZCESPJQHUB,908276
ADVTBXVQBIUFACMUIAAIEJYOIVJQBNLYAYYJ,327042
ADVTJARBIITYOMFSGYYUSDUJKVRYJAMCBXWY,229280
ADVTILFDWBEEQEQXMXMQLZBWFRYQUSQWEKRI,898245
ADVTSRJFVZTUSONKAVCDEFUHUTNKVGOHNPCW,87224
ADVTLLAPQUMRJUUBPERKCBRQZIUPENTNMSBZ,775721
ADVTWVCZNNYYGAMZTUOVCRGUMZMUNCIEIRLC,368643
ADVTBESUTLLTDMJUSMKSJAIADSZCMUJSJQCR,25642
ADVTNPDUPIFLNLPIOUPJLYHKSEMIXQTFRYHJ,775335
ADVTTGRTYPKKUEMZWSCRLRXFSLTKBCQRIHKL,944814
ADVTGQEVLPWKRPJJLMLMGJSXOLOZIFNNLKTZ,760863
ADVTOPNOHXZHZJFKBBBDCABRJYQWNSQNBNLR,876592
ADVTGFCRYHNEYDSTCDZBPGLSOBSDZXLLWXDF,388688
ADVTJBTKEPAZWZQMEHSNDGJUGZVPMYXIUBIS,917053
ADVTJOIORKPYXYNZGISCSJVSTRUYGLRMEHMY,713066
ADVTOKEEOTPZOXGRZPDCDDLCTBKOABQISKIR,363310
ADVTBTYETKLCJKJTXFCSNMHKUYESTLLFZHZB,603526
ADVTWAXKYSFBRBANAXXCIGZVLHDVBDIWXJFE,662135
ADVTKFNCRYUMLVYHJJGPKTCQKAJTRNNEQTMF,255360
ADVTSWHGPGFPGBNFMLFETMKUKEZMBYDTOGHB,725539
ADVTGQVNTJDSFAEOSDYYORQATPWKXDXGZJIS,785148
ADVTUGMGTYZWRYOXCCXTSZJRRYHIRKIUVIPJ,298786
ADVTDPBEZLYCNEUPICPOUENZFXHGGFJIOELZ,673995
ADVTECPSEJRPXHITYNLEAAJOPSCKIBFLZNKI,378727
ADVTTYBKFIFBEUFRASAQRIIOCJSAUSLXWZOE,455418
ADVTDZSRAPUPYRKDLWOZNLIYQADSTNYTXAVU,833972
ADVTQEPNUNTPZIDAWPRACAELUGCQCPJGPZLS,928072
ADVTCCKEXWXZOQIXGPJZWMUTKROONFABZVMR,382910
ADVTKJHMJBOTVUTMWCNVVFAODZBMWYWJKLJH,719531
ADVTVRYVRZLIEBWYSTBGQURTPLCDZIPVCXWP,527296
ADVTDVWOBVWIJNYATYRAKUNLCYVPJORKTUVU,310611
ADVTVNXLMLVXIKYFVIJPPKJOEBMGXZTGDOII,262742
ADVTFAZMYDFTPZNWVIOZXTJDLRMVRVXNVGWX,690500
ADVTWTCTQLYCWZEATOIOFCLMMSCZCVRKHJCX,559445
ADVTWSCXZMVEAHFDLQSSSUYORCZEYDJBGRHU,721700
ADVTAHXAECWTWTGDQMXOKBBXNTHQPOZDHIMD,925033
ADVTYYTSFFJZLDPUWERDVVKLDRBWBRHQGTJD,37554
ADVTVIVPWIEXVRPZWEJAYMTLLBTCKEDUMSLY,847814
ADVTFRQGXRXJDBPSPHXERPTQEPJTNXTIKHWQ,982242
ADVTJQRISZEZKHSBAIHAIIXQTZOEDLEXBYVX,989402
ADVTHYPTBXZPGVHDGIPXAVOMEMTIFZSPCCCO,604117
ADVTXTFQYSUXCVEFUTCHYYXDWIHIBBVSDDPE,300943
ADVTRBEEXLFWBHKWFSEDKZBAYPGMQBGIBTQB,243147
ADVTUDMLRFAYFRWOXJCGYSVQDLHDGLJBWMKI,2361
ADVTAWDEFZOFOKFFIELLEMTRYVVBXDXSUUKA,193577
ADVTUEXTLJARIIIBZGVPGHNQGLQFDGUPMODR,313347
ADVTDOYJTPQHWOUKFXZFLERRRJCKSOHJLIRU,262934
ADVTBOORLCDDQEUHQBTSLAPMVVMJLWEALBTC,311636
ADVTUHYYSGRCURONGPOFTSAFCGZFUPJVJUTJ,998908
ADVTGDQRBWHPTKRRKNEYGQIRNRUNNOJAODMF,949084
ADVTPNRMTOTYDFACZECZATDOAEKUOTCVLBQV,948401
ADVTNJASBIJPUZLNVBIUGPNFLLFPXXMXCUDV,100772
ADVTJOCURVNGSZVDNSKIBHCTYFKJNXZYZZBK,374104
ADVTBJXEBTDQVXDCUGYNYCLYUNJRSFRQYWIO,281517
ADVTRQMPBJWWBDYHIZYIJWXQIJFBOWZYGBZD,657747
ADVTDQVOJZLJKEIKLYPZOPKACXFSGXRUYLIN,680560
ADVTKCOSMOMZLSUBKTGNAEDMALEHIKUVSVLQ,492623
ADVTKYFFTNBJJXFLKOWKBUDGBALZISTYRUCL,829844
ADVTRTODDAJWAFQSVLONGUMDOTAXACAGBMEZ,469916
ADVTGDKWGCZSJADJLVYJMMAVZHFMLNDYAGTV,654288
ADVTGRSCATBBSHHDXPZVAPZEETRBHPMRPQSV,39547
ADVTGNJAKYQRTGKDMEKSUECFIKXASVRWHXIO,747916
ADVTYQQLDAEOLDHFTXSWRLTDWBDQXDENTEQP,323914
ADVTNKQYSLUMQQWXVSJYHGJFXKUOIIHNURSI,473014
ADVTTCHJWNUUPFTZNYPADXZPYXLOCLRQTUVP,229097
ADVTUAYVLCWBVZJXCESTQUCCHDFFNTWERWPZ,814148
ADVTXZQJVKDHHVHQJNBPYTSUAIUNVEZMICDJ,112850
ADVTHMTQCXSTGSIYPWAOLAKEHFGENTPBZFWA,444875
ADVTBMPMYGLJKELBNDOWDVJQCEODVCBQBNXI,839501
ADVTHUTRTXGZJEMRCRXALVVDRYDVFBPCHVIQ,802640
ADVTHZQQYDQNRNDJMSXVKNQXIBMSUWTMUFTR,619721
ADVTIRYKDWLOAKWKUIUTNLKRVJYUOARMRSOS,204019
ADVTVVPSJYRRWRBIQEJZBLONKTVVDUAWYHUP,922812
ADVTBKLQHILXTRSUVFJKCFHPXYUYYVCMTZBB,825166
ADVTMAGRZPPJXKXRPLAVYCJZCFVDAAENQONY,183753
ADVTIZBUTFLVOMFZEEFCNDAFRJNPJHOOROFO,600447
ADVTDMCHUYGLLXFQZAUAICJHRGDKBIWAMTDY,660356
ADVTGYWBTGURBQCUZZUERNKSDBOMJNRQWTXX,454156
ADVTBEIDIXFLOVCKNXTMRPBPUFRTTXMZIPVC,626511
ADVTAQVZGGKPDBVRJNGFWXPZIPNPSIDSLAAX,412481
ADVTJWMVWIMGEJISBYIFFVREAEBMQZQAJIZI,163404
ADVTWCRCDLFXTTJSILMPCSHXSIGACMSUZYIZ,955098
ADVTASIAKRHVORGWXYUZDLSRLAEQAKXWWSHJ,800164
ADVTHIKFURONUEIIRMOMDIZKENFNANKTWVNZ,858080
ADVTDUQCLLIDVUIWDKKYEVUBONLBFLRXICEE,291077
ADVTVLKBOUJOPJVZYZYQFWAHUSRMJHDEMIAK,665036
ADVTVWGCHZGFPFDLVVNFXNYHDTEELZDGKIJX,929547
ADVTBFGOXXVDBQHZRTGDOHEHXVYJUGFNVSYU,538018
ADVTWTEISTQHHZGZJDSIRAWGOOMEOZCIXVFD,767975
ADVTLMRSOTJSBBTRIAWZMSWRPNITKVOBDUGF,762390
ADVTASSBGZXSVDGBSCSIVFGUOSJIMLQAIBCI,392815
ADVTGFPXNVFBDLUQEEPBGONFTARHDBGOQYUV,889406
ADVTDMZCKJJECHOKGJJXDGKGAHJNOUFJZRSH,508204
ADVTLLXGJIRYTIXUQZBDJHIJZJJWTOMVKTLB,821339
ADVTDMMKULVJQRORHXVNOSRYKPRKEKJEZZQU,567028
ADVTRNIDSAPSBZOLAGAYWUOZAIDSYNINCSTR,478688
ADVTTDLKIIOLVYHQVVRZURMBZBZJPFCLPFCA,162823
ADVTAKVASQYGLJULLQVCMQOEAJYFEGKSIWHM,167707
ADVTRGYCMQFQOBDULVJAYIALNURAUUGOLYBN,142652
ADVTSOLMPNOVIYCBTUHXNSQDUDIXYWGUZMVN,602892
ADVTOPTYLCDHJHFIHZPQWRSHZFJQAEORXYXZ,371562
ADVTQRVYSDHDBQEYJANSMQCNBWHIEJUZCCWN,320495
ADVTUEYEYWFBYZDOZJJOSEPQPLWJKLKWFIWE,162115
ADVTVFYJBOJRIQYRFPAZQZABQFWNOVQMUXSE,49883
ADVTREYUPYRVQJBFDPGFCMULPOFWVOTVZYYW,139983
ADVTGNTRIASLNEGZGBCNYJZZCVDFKTPKIGEE,493523
ADVTRFUTTPHZHWMUPNMJKSLUKBSOQOEVWASE,234681
ADVTZZORZQEAJUEZXBBXNTPSANUBAKFZNSXE,733300
ADVTJRBDYKJUGSEBUUCMZVLVXEBFKWPZVPDB,851191
ADVTXYFAYQWWMUWRLNBCWQPIVCADPISGNWYQ,692186
ADVTZDFSWOYOGMPSPCULPJIKWNDWOVGKLALM,20385
ADVTORVAXTPPRFEGERUPMBWECPNUIZCLTMVV,663178
ADVTWDYXUTEWGHTJIBDILPXYGYNTXYJJHQZC,8004
ADVTXKYFOLFTGRBLXETRGRMBZXUKPWUWPKOA,528173
ADVTACASSCENHZZARVLQRIUCUPUFWTITBSXN,530976
ADVTCFSQRXPGITBXBVYSCSQLOLFHHPXBHXHF,76864
ADVTUSGHLHTJRHZDQZAYMFIZSWJFBYEUYIOD,243763
ADVTGEOEFVLMUGGBHCLCTDAGVGTEAQRUMBRW,882860
ADVTNONTWRZGZQHOHBQYQNFPDXUHXAZVKCRS,569730
ADVTDIAJLUZDVYVNORWFELYZXTKNIPVQBGIB,662563
ADVTNYRJRUPIZLYLPPXDTWQGDCMHANTVQIEX,641199
ADVTNNBZTKGKKZAFIFBOWOOSJPIRBSAOBQCR,526172
ADVTWTGWCDVDMAPAVVBNGBXEZWLUCVPZKBXJ,133737
ADVTJPYNWKMYESTEIOVDZAHVJGHOJAFSMDFA,242321
ADVTANUUNMNUCHASXIAYFNQXKDOUSQAPXIPR,193337
ADVTBNPXWIGWZDDWWQAWACGZHMSRIOBTFAFF,292641
ADVTIYESOKXOHVOVXOYNDQALZAHJXHSFJSOR,419224
ADVTGXMPKXSCCDXNLJTVSXJMSTGHVBHZELWZ,149849
ADVTDNKUBKJOGCCRSPJSPDZAEJTIIVVREBRK,323765
ADVTNGGIBCYQLGMBOQUREPINKXWUYYNZHSNZ,790914
ADVTUZGHCTQKWTMZCDUNHFMDZCXSOLNGCKAT,759
ADVTSYLAIFLPAJEZFPIUSVFWAUYOYDKXHGRU,101330
ADVTUJCSTCEKSZSLTIWCVMUYLLIPNFBBPHRB,523565
ADVTLRWNWCGQTDHKQOKNTTJXHWWGBMCDQOLK,149018
ADVTHXUEFMVPSGJNALFXPZTPCPZEWKRJVDAP,167774
ADVTGUDDDTFGMKXTDZGMWUEKVQEGPILDYITQ,181024
ADVTMHKTCPEIZINJPVBGDKFZGAGPYYBJKLRY,460294
ADVTLPKRQBOFKAFSIYGFKCVUFBURTCGLPXKQ,14283
ADVTVHLEIKBEYTTUIHGJKTRAAMIMPMXYHAIR,77859
ADVTAGSQRABRGXIVOMQWWYSLMOBCYCRJJMNP,395518
ADVTYHFNZNMHWPSPZXVVLKDGOXUVEBNJBUSC,744756
ADVTHESZGRYICVNNFARRIDCJFOGYCLVPYTBU,624873
ADVTRGHVHNIDFSUHOXKMUBWUYMDLAYIZVYHI,707643
ADVTITRYZFXCRBBCLQMNKCELVJLTXPJSEHFI,316282
ADVTWRLMYTCWMGQCGJBAFHLUGUHLWUFOPJHJ,85056
ADVTKZUHTAIRIMYWJAXVRKNWRSHNPTFMEXSZ,8650
ADVTZADWDLTTLKIRMXAVSOFNOENQIVUOAJDS,668962
ADVTHVCUMKOYMLXHEPBAVCJABUWTMQXXZKJH,765072
ADVTSLLMAVMFKOZRHCMLMKTCQZYEOTDEUAAK,654851
ADVTWTYPAFOCBSEIHQOBBWDSTKSAHZTGNMBZ,960363
ADVTYBNCKFIPTLYJRRDXPQSVGQZKTRSTIRPH,543764
ADVTAAVGUSTDADHHNOCIKIYNFTCIYGQHMWFM,964642
ADVTOAOVIWLMVHMLMHNUCZVNQYGAAGUWAIMC,334932
ADVTVMREGPQZIURMKHGDCRPPBZXUFEVGWNKS,956180
ADVTEGPSRBBRFVIQVOXMMNQAHIFUTTQZMSYE,830694
ADVTJWCVBQQITDXWAHFAQMRXBVDEPTXZWMXY,556075
ADVTHUEAYHIETCGPROJMXDRSZWMKCGZKQAMR,461474
ADVTNGIWONPKWTGKSMRWDHDMPUXJHXQHCAFA,969559
ADVTQVMEWWPIJWOCBLXMVLMLDJBDGBPAPVIW,329196
ADVTQLMLTZZQAQRCYPMCSMZVMLIHWSUAWLJF,34226
ADVTFTMXEZUMHLDODRKWQZZJSWSNTXVZJHYU,690325
ADVTWJUITREHCMZAMJWNPOBQSDRLPRZICMZY,484044
ADVTUJXSAJADTLYVYXBNMNUZTRUAWONIVIVV,134105
ADVTRCYTPXTQHJZQESSPAICAFFOFROYDTFYQ,195467
ADVTGANAAWCIYYHLGYZALPAZECYBLONTHAQS,643177
ADVTGIPBCMKNQYITPIJKVIWAFRWCAQWBUTQZ,293794
ADVTTWDBCMCVQNDGITTTIJMOWIASEOFMMHTW,34819
ADVTHXPDSTOQDEHPXKCIMCFGNORVKSKXSHHH,294154
ADVTSACDFYDDZRVWFOPAUPGHYVJDUJJTRPMD,598649
ADVTPDZCGMUFSKXLYBRYAKHLERNIBNFLZDOP,634919
ADVTKJQUAATFGOREGLTFTNVMWTAGIPKEHEYR,142911
ADVTFPLXDHGJHGPHBDBAKWYKXFJVIGQHLCSU,313474
ADVTHADDDCUXQPYLPUPEPTMKMWSLUMHWXJXW,204482
ADVTOVPVREKTEXIWOBRDMPKETTHEUFZQXEQX,312901
ADVTIOQIWAJQFQICZIJPNMDQBCZZQVOAHYJW,77007
ADVTWRPNQRMORIAPDBICLDLAZQKWXAKCPDCW,204671
ADVTDTNPUFHDDSZRWODWGIWFYRQGKDRNMOEA,110563
ADVTZNBUSKXIVZFVMJTQDECNHDLTIZFHHDVZ,277539
ADVTAVQSYKKXWVOMMEICTIYUKIDFWPKKYACI,222001
ADVTSHOISFNBKSTTVOWKSFVHDVVUMRJXYYBM,387668
ADVTWJIJLNNNQTBGHVWXJIESMQNDPPMDYCNV,417891
ADVTSGJAJZVXPJCQSBLHFDRPSNOFTAGRCUSK,192654
ADVTTRYENUAENQQNAMUPRCRKSPXHAZZTBGEG,955599
ADVTIFSZJFCNSOIZBJEYTGVEEFFISHLGXEVT,157210
ADVTZUMMXDJQDWDPGTWKACQSPVKMWNTZCRIP,418520
ADVTZLVYEIWDWZKMBYETMKZCRMFHJSZHENMM,754238
ADVTUIYKVALQWAMUTMEEXGNDUYPXTRWWNAOO,7725
ADVTZODXUTLYPGXCCIPFOHTHLDNZTYFOUOSL,185539
ADVTJVRBTBPGOCKPQIXLYNFBMHMFVXVBXMLI,508758
ADVTDGUOAXOMCNVXAPBJRIXBGIFXIPZNOSQM,37199
ADVTFZBIOUNJHZPFNFSMQPYKZHRSQHINRSDJ,859420
ADVTHQAKQBXKSUPRLBQEWUBNWFVXSZJEGTMA,480047
ADVTISNVXHDTJHRFXDNOXVVHAIIDDRWZMUBO,463030
ADVTLTBKCWELQZSBWIHDRQIADLUQMEQRMDMT,10257
ADVTEXPXLAFMTGSRMJDDRVNBSHFPCFUXSHOM,315549
ADVTBHLYOJODAPAVBZCWZXFCNEPJYDVFIQQS,910995
ADVTEJGCUJZGEPJTJXUNGAKHRWFZWPWBRKKM,888917
ADVTLHQCJSRAZGLZZJCLROICGWWZBIMQCIUM,251819
ADVTIFDRYDDNMCIHQUGKTHJPWMJNWVDVAMJT,553534
ADVTCZQTVKDQJBKGVLOTFSQBLMSYNPEKRSFV,747764
ADVTHFEOOGSGWABHLKRKHZUAHVMZVVUUJNKM,775393
ADVTJIVSSGBRBXNHDZBXTFQUGYLNGSZGUHXY,398512
ADVTGXZSXAAJSDFRFXKWFGJMSCUOOJAWWEJK,500415
ADVTNWKDGJKNJVAVDEFSBROUUFJPHIPCYDLN,969971
ADVTNQHISHLGFNPCLQSDSYYAAELNGZFOVMGQ,537619
ADVTIVSDHHJZQLUVFSDYAPDTTSIQXPVDDFLS,772167
ADVTSCWFLWEYTQBSTQVNAXTYKCUZJHQZGCXW,68177
ADVTOXHKZQPFOBTCSRIACNQKRDMBCWDQRRHR,437016
ADVTTOTNMLUMGNAXYKASWOTPOUALMIJVKBRF,588775
ADVTQLSSLKNYARFDLLCLNPWXTUOMIOUZFMBI,878135
ADVTUAOHCUFRFDAPOPZOGWVUAQTQKDBJDARS,299788
ADVTZSHXYXWMKFDXAVJBJPUVFFAXABQFZRRJ,834497
ADVTPRPKZPVFIRTTHWAZSWQUAMVUYYBJHCMV,921184
ADVTWZHSZSVWUIPZPXQGEIGTRWZLAMJDVVTY,612904
ADVTLELAESLTPNZHTMQPTFBKQPWSQUMRKZOU,573455
ADVTIOJYCXMJZFMRCGNGCJOWWKXKFRXPQGLX,651861
ADVTNHTXNTNGLILOOTLHTTRSAXECIVPVVPYR,498578
ADVTTBKXSCIDEXVLWXSCXSXMAQLSPSLVVKWO,690406
ADVTAFKSTNMSGFEFVEYTEUCZYIWNTICNOYZX,885320
ADVTSBAORCMXCNASGSDFXNORZTWMXKDXLBMS,837083
ADVTNJFCZDFGNRQNRIWWNRPNRWLTPSONPLOK,356393
ADVTAZUIVVRXAJMUIXCENDSZYPNFHHPXFBNZ,356789
ADVTMSISDBWPJWWEZYFHHNLYYDCZIUBVVMTB,778365
ADVTLUWRVFTCHTYCBPVKCKOJXYOTUBIIRKZN,526095
ADVTKMRJLTJZZXRZPVJRNANJAVNWXJMVEGUC,408132
ADVTWAQPYNHFYHEAMOQOIAUBDYIEJXGYSPFT,562745
ADVTWEJHTLHCTRWRBETDQTVFVQSQWZNKMZEQ,498836
ADVTDHIWXHGWCVWLZIZUXPCTUJXMUWFTAUFV,732379
ADVTNPWECLZIRFBDLPQTJSMHFSZERHSLVFPX,594578
ADVTQFMAOKZRXVBUZLAVYVQJPTQWLPZDEMHR,39132
ADVTSNBNOLOMJKKIHZKZCVONGIASHIHMYKHE,364192
ADVTTDEDJZHCQWAMFARVZJKFRUFCCNXGJAFY,646454
ADVTEMIYWGWLNQQBUMAMDBSWPDBGSONFNGAK,336095
ADVTAAQUVSLRDUVASNSTDGGLBKOLQMEKEUOT,539220
ADVTFCSKLDEMJCJHBGDNBMYWIDOAZEQFMXKM,795449
ADVTDUDFHFXDFAWZBFYTMASZJRSEDFPACFXA,373276
ADVTRQJELAZBEKMFIRBTCQMKSCBELGZYLOUB,454733
ADVTNBGETMHHEZVLLYNMFKXOCNBMIYFGVKSV,334072
ADVTOWFRUCWUBAXVZHNFVJKSLMOHDBJCRAQH,120980
ADVTQHOROOGCCGJSRWLFDSCJAIQYYCNMXABQ,511238
ADVTOEZEKEAZCIAAZXQAEOAYSVAHDEGYFBHX,242898
ADVTSLIYVCCAAHJLKLUESNWDSDVKAHVFRFFG,42479
ADVTKJVESLXTZTTMWHBJHRINTOHZZMBZQUQZ,329499
ADVTXXZKPCUCMBXIVSGZJXGNIXYXKNKOCUZM,124164
ADVTMSVRVSFVFCOGILJQESQJPEMNXXSAZHXQ,341843
ADVTZHRJATYYGVFQGWPQLDIQOESBIZVRMCVC,376490
ADVTTXBEKXYTKQADVNKVZHSLYQLWJTSVGBWG,702991
ADVTKODLPWFNNUASTUAARMHXJLKDNYUHLOIW,631226
ADVTGDLGWUVFGVCIVVRZFMNDSPGERSDRBMZC,525431
